id_me,morph,length_cm,weight_g,sex,mat,age,may_maxilla_rt,may_maxilla_lt,may_premaxilla_rt,may_premaxilla_lt,may_palatine_rt,may_palatine_lt,may_dentary_rt,may_dentary_lt,may_vomer,may_glossohyal,may_maxilla_mean,may_premaxilla_mean,may_palatine_mean,may_dentary_mean,may_maxilla_sum,may_premaxilla_sum,may_palatine_sum,may_dentary_sum,march_maxilla_rt,march_maxilla_lt,march_premaxilla_rt,march_premaxilla_lt,march_palatine_rt,march_palatine_lt,march_dentary_rt,march_dentary_lt,march_vomer,march_glossohyal,march_maxilla_mean,march_premaxilla_mean,march_palatine_mean,march_dentary_mean,march_maxilla_sum,march_premaxilla_sum,march_palatine_sum,march_dentary_sum,logCsize_dentary,logCsize_maxilla,logCsize_premaxilla,maxilla_rt,maxilla_lt,premaxilla_rt,premaxilla_lt,palatine_rt,palatine_lt,dentary_rt,dentary_lt,maxilla,premaxilla,palatine,dentary,vomer,glossohyal
PC3831,LB,42.5,1061,F,2,8,21,21,7,8,18,19,13,12,4,12,21,7.5,18.5,12.5,42,15,37,25,21,21,6,7,17,19,10,10,4,11,21,6.5,18,10,42,13,36,20,1.5586187,1.58071,0.13205113,21,21,6.5,7.5,17.5,19,11.5,11,21,7,18.25,11.25,4,11.5
PC3834,PL,15.6,37,M,4,5,NA,20,9,9,15,11,12,15,5,13,20,9,13,13.5,NA,18,26,27,NA,19,7,6,14,9,13,13,5,12,19,6.5,11.5,13,NA,13,23,26,0.6291754,0.6628085,-1.007234783,NA,19.5,8,7.5,14.5,10,12.5,14,19.5,7.75,12.25,13.25,5,12.5
PC3839,PI,42.8,1131,M,4,9,25,22,8,8,19,20,18,18,8,13,23.5,8,19.5,18,47,16,39,36,26,22,8,8,19,20,18,17,7,13,24,8,19.5,17.5,48,16,39,35,1.7415688,1.7564629,0.350827091,25.5,22,8,8,19,20,18,17.5,23.75,8,19.5,17.75,7.5,13
PC3840,LB,37.1,672,M,4,7,19,20,6,7,12,13,14,14,5,12,19.5,6.5,12.5,14,39,13,25,28,21,20,6,7,14,16,13,12,5,10,20.5,6.5,15,12.5,41,13,30,25,1.4828573,1.4378166,0.007383798,20,20,6,7,13,14.5,13.5,13,20,6.5,13.75,13.25,5,11
PC3841,PI,49.5,1714,M,4,9,22,24,8,9,19,21,22,22,8,14,23,8.5,20,22,46,17,40,44,21,24,9,8,19,21,20,20,8,13,22.5,8.5,20,20,45,17,40,40,1.937873,1.9217087,0.584365556,21.5,24,8.5,8.5,19,21,21,21,22.75,8.5,20,21,8,13.5
PC3842,LB,42,1010,M,4,8,24,25,8,9,17,16,21,20,6,13,24.5,8.5,16.5,20.5,49,17,33,41,24,24,8,9,17,18,19,18,6,14,24,8.5,17.5,18.5,48,17,35,37,1.8332211,1.8412973,0.400484215,24,24.5,8,9,17,17,20,19,24.25,8.5,17,19.5,6,13.5
PC3843,LB,40.7,815,M,6,9,25,24,7,7,18,15,17,18,5,10,24.5,7,16.5,17.5,49,14,33,35,25,24,8,7,17,16,16,18,5,10,24.5,7.5,16.5,17,49,15,33,34,1.7678126,1.8129056,0.404936718,25,24,7.5,7,17.5,15.5,16.5,18,24.5,7.25,16.5,17.25,5,10
PC3844,LB,34.7,504,M,4,7,21,19,7,7,15,15,13,12,6,11,20,7,15,12.5,40,14,30,25,18,20,5,5,16,14,12,11,6,9,19,5,15,11.5,38,10,30,23,1.4081087,1.459648,-0.113099349,19.5,19.5,6,6,15.5,14.5,12.5,11.5,19.5,6,15,12,6,10
PC3845,PI,46.9,1455,M,6,11,23,24,9,8,23,24,19,19,6,14,23.5,8.5,23.5,19,47,17,47,38,23,25,8,8,23,22,17,16,6,12,24,8,22.5,16.5,48,16,45,33,2.0186447,2.0275085,0.468832295,23,24.5,8.5,8,23,23,18,17.5,23.75,8.25,23,17.75,6,13
PC3846,PI,43,990,M,6,9,20,19,8,8,19,18,NA,NA,5,15,19.5,8,18.5,NA,39,16,37,NA,20,20,7,8,18,19,NA,NA,5,14,20,7.5,18.5,NA,40,15,37,NA,NA,1.7665138,0.296609108,20,19.5,7.5,8,18.5,18.5,NA,NA,19.75,7.75,18.5,NA,5,14.5
PC3847,PI,36.7,655,M,5,8,23,22,8,8,18,18,17,17,5,13,22.5,8,18,17,45,16,36,34,23,23,8,6,17,18,17,16,5,11,23,7,17.5,16.5,46,14,35,33,1.6099149,1.5849015,0.123313747,23,22.5,8,7,17.5,18,17,16.5,22.75,7.5,17.75,16.75,5,12
PC3848,PI,41.2,1001,M,6,9,20,21,6,7,17,20,16,17,4,10,20.5,6.5,18.5,16.5,41,13,37,33,23,21,6,7,17,19,15,16,5,8,22,6.5,18,15.5,44,13,36,31,1.8546751,1.7885364,0.28820758,21.5,21,6,7,17,19.5,15.5,16.5,21.25,6.5,18.25,16,4.5,9
PC3849,LB,33.8,362,F,7.2,7,23,26,7,8,17,18,15,16,5,14,24.5,7.5,17.5,15.5,49,15,35,31,24,28,7,8,17,18,15,15,4,13,26,7.5,17.5,15,52,15,35,30,1.4153292,1.5337752,0.033599962,23.5,27,7,8,17,18,15,15.5,25.25,7.5,17.5,15.25,4.5,13.5
PC3851,PL,22.3,130,M,5,9,21,21,9,8,21,19,19,18,4,13,21,8.5,20,18.5,42,17,40,37,22,21,8,8,21,19,19,17,4,13,21.5,8,20,18,43,16,40,36,1.0687775,1.0937171,-0.510273636,21.5,21,8.5,8,21,19,19,17.5,21.25,8.25,20,18.25,4,13
PC3855,PL,19.4,74,M,4,5,18,19,7,8,18,15,16,15,4,10,18.5,7.5,16.5,15.5,37,15,33,31,20,19,8,7,17,18,16,15,4,10,19.5,7.5,17.5,15.5,39,15,35,31,0.8422651,0.8475624,-0.824705533,19,19,7.5,7.5,17.5,16.5,16,15,19,7.5,17,15.5,4,10
PC3859,PL,14.8,36,M,4,5,19,20,7,8,16,NA,16,15,2,13,19.5,7.5,16,15.5,39,15,NA,31,20,20,7,8,16,NA,14,12,2,12,20,7.5,16,13,40,15,NA,26,0.5639932,0.5783102,-0.980015057,19.5,20,7,8,16,NA,15,13.5,19.75,7.5,16,14.25,2,12.5
PC3863,PL,14,33,M,4,4,19,19,9,7,16,16,15,13,3,13,19,8,16,14,38,16,32,28,19,21,9,7,16,17,15,12,4,10,20,8,16.5,13.5,40,16,33,27,0.5710018,0.5643297,-1.045710316,19,20,9,7,16,16.5,15,12.5,19.5,8,16.25,13.75,3.5,11.5
PC3864,PI,45,1078,M,6,9,21,22,8,7,19,21,21,21,5,12,21.5,7.5,20,21,43,15,40,42,22,24,8,8,19,20,21,18,5,12,23,8,19.5,19.5,46,16,39,39,2.0029992,1.8850439,0.414055703,21.5,23,8,7.5,19,20.5,21,19.5,22.25,7.75,19.75,20.25,5,12
PC3865,PI,24.5,162,M,6,7,21,19,9,8,18,20,18,18,4,13,20,8.5,19,18,40,17,38,36,21,20,8,8,18,20,18,18,5,11,20.5,8,19,18,41,16,38,36,1.1564078,1.1188713,-0.413937577,21,19.5,8.5,8,18,20,18,18,20.25,8.25,19,18,4.5,12
PC3867,LB,24.5,145,F,7.2,NA,23,25,9,9,18,17,16,15,7,12,24,9,17.5,15.5,48,18,35,31,25,23,9,7,18,16,15,13,7,11,24,8,17,14,48,16,34,28,0.9464805,1.0379227,-0.379390371,24,24,9,8,18,16.5,15.5,14,24,8.5,17.25,14.75,7,11.5
PC3868,LB,34.2,430,F,7.2,6,21,22,7,7,20,18,17,16,3,11,21.5,7,19,16.5,43,14,38,33,21,21,7,7,20,18,17,16,3,9,21,7,19,16.5,42,14,38,33,1.038272,1.0363248,-0.444461286,21,21.5,7,7,20,18,17,16,21.25,7,19,16.5,3,10
PC3870,PL,20.5,81,F,5,7,19,18,8,8,19,NA,17,17,5,12,18.5,8,19,17,37,16,NA,34,19,18,8,7,20,NA,17,17,5,11,18.5,7.5,20,17,37,15,NA,34,0.9242483,0.8542629,-0.725948756,19,18,8,7.5,19.5,NA,17,17,18.5,7.75,19.5,17,5,11.5
PC3873,PL,18.5,65,M,4,5,20,19,7,6,19,16,17,17,7,13,19.5,6.5,17.5,17,39,13,35,34,19,18,5,6,16,16,17,15,6,13,18.5,5.5,16,16,37,11,32,32,0.8320848,0.8136642,-0.880453934,19.5,18.5,6,6,17.5,16,17,16,19,6,16.75,16.5,6.5,13
PC3875,PL,21,103,M,4,5,20,20,7,8,19,15,16,17,4,13,20,7.5,17,16.5,40,15,34,33,21,21,7,8,17,14,15,15,4,13,21,7.5,15.5,15,42,15,31,30,0.9819967,0.9586296,-0.568431211,20.5,20.5,7,8,18,14.5,15.5,16,20.5,7.5,16.25,15.75,4,13
PC3876,PL,18.8,74,F,5,5,17,18,NA,9,14,14,17,15,4,12,17.5,9,14,16,35,NA,28,32,19,21,NA,7,15,15,14,13,4,13,20,7,15,13.5,40,NA,30,27,0.7322076,0.7692542,-0.86281665,18,19.5,NA,8,14.5,14.5,15.5,14,18.75,8,14.5,14.75,4,12.5
PC3885,PL,19.1,72,M,6,5,19,21,NA,7,16,14,16,18,3,13,20,7,15,17,40,NA,30,34,21,21,NA,6,17,NA,13,16,3,11,21,6,17,14.5,42,NA,NA,29,0.8210114,0.8528283,-0.774791158,20,21,NA,6.5,16.5,14,14.5,17,20.5,6.5,15.66666667,15.75,3,12
PC3896,PI,32.8,420,M,6,7,20,20,8,8,17,17,18,20,5,14,20,8,17,19,40,16,34,38,22,23,8,8,17,17,18,17,5,12,22.5,8,17,17.5,45,16,34,35,1.5252606,1.5156805,-0.057643464,21,21.5,8,8,17,17,18,18.5,21.25,8,17,18.25,5,13
PC3898,PI,45.6,1246,M,6,10,25,22,8,9,20,20,19,20,7,13,23.5,8.5,20,19.5,47,17,40,39,23,23,8,9,20,20,18,19,7,13,23,8.5,20,18.5,46,17,40,37,2.025862,2.02753,0.637697336,24,22.5,8,9,20,20,18.5,19.5,23.25,8.5,20,19,7,13
PC3899,LB,48.7,1420,F,6,9,24,24,NA,10,20,18,19,17,5,13,24,10,19,18,48,NA,38,36,24,24,NA,10,20,18,17,15,5,11,24,10,19,16,48,NA,38,32,1.6971693,1.7703241,0.465863757,24,24,NA,10,20,18,18,16,24,10,19,17,5,12
PC3900,PI,42.3,1091,F,5,8,24,25,8,7,19,18,18,20,7,14,24.5,7.5,18.5,19,49,15,37,38,21,22,8,7,19,18,17,17,7,14,21.5,7.5,18.5,17,43,15,37,34,1.6523943,1.6069573,0.12783555,22.5,23.5,8,7,19,18,17.5,18.5,23,7.5,18.5,18,7,14
PC3901,PI,32.6,396,M,6,8,25,23,9,9,18,17,16,16,5,12,24,9,17.5,16,48,18,35,32,26,24,9,7,18,17,14,13,5,11,25,8,17.5,13.5,50,16,35,27,1.4216041,1.4128628,0.004037116,25.5,23.5,9,8,18,17,15,14.5,24.5,8.5,17.5,14.75,5,11.5
PC3902,PI,57.3,2894,M,5,10,25,25,7,7,21,19,17,17,5,12,25,7,20,17,50,14,40,34,25,24,7,7,21,17,17,15,5,12,24.5,7,19,16,49,14,38,32,2.1712059,2.1100131,0.71242774,25,24.5,7,7,21,18,17,16,24.75,7,19.5,16.5,5,12
PC3903,SB,17,56.35,F,5,5,24,20,9,NA,18,17,13,12,7,11,22,9,17.5,12.5,44,NA,35,25,22,19,9,NA,18,17,11,11,4,10,20.5,9,17.5,11,41,NA,35,22,0.6000235,0.6346327,-0.774381933,23,19.5,9,NA,18,17,12,11.5,21.25,9,17.5,11.75,5.5,10.5
PC3904,SB,12.9,28.22,F,5,4,20,19,9,8,15,16,13,11,5,12,19.5,8.5,15.5,12,39,17,31,24,19,19,9,8,14,16,11,9,5,13,19,8.5,15,10,38,17,30,20,0.4150921,0.4516642,-1.003410065,19.5,19,9,8,14.5,16,12,10,19.25,8.5,15.25,11,5,12.5
PC3905,SB,14.9,30.98,F,2,5,20,21,8,8,17,19,13,13,4,12,20.5,8,18,13,41,16,36,26,21,20,7,8,17,19,12,13,4,11,20.5,7.5,18,12.5,41,15,36,25,0.6152143,0.6168322,-0.777672664,20.5,20.5,7.5,8,17,19,12.5,13,20.5,7.75,18,12.75,4,11.5
PC3906,SB,13.7,28,F,2,7,24,25,9,8,14,NA,14,15,5,14,24.5,8.5,14,14.5,49,17,NA,29,24,24,8,8,14,NA,14,15,5,13,24,8,14,14.5,48,16,NA,29,0.5430349,0.5517737,-0.912239832,24,24.5,8.5,8,14,NA,14,15,24.25,8.25,14,14.5,5,13.5
PC3907,SB,15,33.2,F,2,5,23,23,9,8,15,16,13,13,1,13,23,8.5,15.5,13,46,17,31,26,23,22,8,8,15,16,12,13,1,11,22.5,8,15.5,12.5,45,16,31,25,0.5394382,0.542951,-0.904789606,23,22.5,8.5,8,15,16,12.5,13,22.75,8.25,15.5,12.75,1,12
PC3908,SB,15.2,35.16,F,2,6,19,17,7,7,15,14,13,15,5,10,18,7,14.5,14,36,14,29,28,17,17,7,6,15,16,13,12,4,9,17,6.5,15.5,12.5,34,13,31,25,0.6217177,0.6542346,-0.877749849,18,17,7,6.5,15,15,13,13.5,17.5,6.75,15,13.25,4.5,9.5
PC3909,SB,13.5,22.81,M,5,4,21,20,9,7,17,16,13,14,6,12,20.5,8,16.5,13.5,41,16,33,27,20,21,9,7,17,16,13,13,6,12,20.5,8,16.5,13,41,16,33,26,0.5015971,0.5668606,-0.860448789,20.5,20.5,9,7,17,16,13,13.5,20.5,8,16.5,13.25,6,12
PC3910,SB,13,24.5,M,4,6,25,24,7,8,16,17,14,14,4,14,24.5,7.5,16.5,14,49,15,33,28,25,22,7,7,17,17,12,12,4,12,23.5,7,17,12,47,14,34,24,0.5085693,0.6118178,-0.853142035,25,23,7,7.5,16.5,17,13,13,24,7.25,16.75,13,4,13
PC3911,SB,14.2,27.55,F,7/2,4,18,20,8,NA,15,15,14,12,3,13,19,8,15,13,38,NA,30,26,18,19,7,NA,15,15,14,12,3,11,18.5,7,15,13,37,NA,30,26,0.4846234,0.5699031,-0.974304755,18,19.5,7.5,NA,15,15,14,12,18.75,7.5,15,13,3,12
PC3912,SB,16.2,41.6,F,2,7,19,NA,8,9,17,17,14,14,4,15,19,8.5,17,14,NA,17,34,28,19,NA,7,8,17,17,14,14,3,15,19,7.5,17,14,NA,15,34,28,0.6862319,0.7224972,-0.705606857,19,NA,7.5,8.5,17,17,14,14,19,8,17,14,3.5,15
PC3913,SB,12.9,24.26,M,6,4,19,18,8,7,17,16,10,12,5,8,18.5,7.5,16.5,11,37,15,33,22,19,19,7,6,18,16,10,12,5,8,19,6.5,17,11,38,13,34,22,0.473748,0.5436717,-0.938199131,19,18.5,7.5,6.5,17.5,16,10,12,18.75,7,16.75,11,5,8
PC3914,SB,15.9,45.37,F,5,NA,21,21,9,8,17,18,14,13,6,12,21,8.5,17.5,13.5,42,17,35,27,21,22,8,8,17,18,14,14,6,12,21.5,8,17.5,14,43,16,35,28,0.6782429,0.703114,-0.7808484,21,21.5,8.5,8,17,18,14,13.5,21.25,8.25,17.5,13.75,6,12
PC3915,SB,13.7,26.47,M,6,5,22,19,9,8,17,15,14,15,5,14,20.5,8.5,16,14.5,41,17,32,29,22,20,8,7,17,15,13,15,5,11,21,7.5,16,14,42,15,32,28,0.5445751,0.6255865,-0.875101655,22,19.5,8.5,7.5,17,15,13.5,15,20.75,8,16,14.25,5,12.5
PC3916,SB,13.9,27.19,M,6,4,19,18,8,6,17,18,13,14,3,11,18.5,7,17.5,13.5,37,14,35,27,20,17,8,4,17,17,12,13,3,10,18.5,6,17,12.5,37,12,34,25,0.4695412,0.5047694,-0.972828179,19.5,17.5,8,5,17,17.5,12.5,13.5,18.5,6.5,17.25,13,3,10.5
PC3917,SB,14.7,35.24,M,6,4,21,20,8,8,NA,16,15,14,3,13,20.5,8,16,14.5,41,16,NA,29,20,20,8,8,NA,17,14,13,3,11,20,8,17,13.5,40,16,NA,27,0.5828725,0.6151123,-0.861368739,20.5,20,8,8,NA,16.5,14.5,13.5,20.25,8,16.5,14,3,12
PC3918,SB,14.8,35.5,M,5/6,5,21,20,9,8,15,16,13,14,5,10,20.5,8.5,15.5,13.5,41,17,31,27,20,18,8,8,15,16,14,13,4,10,19,8,15.5,13.5,38,16,31,27,0.5853096,0.6437018,-0.798660967,20.5,19,8.5,8,15,16,13.5,13.5,19.75,8.25,15.5,13.5,4.5,10
PC3919,SB,14.5,31.49,F,7/2,5,18,18,NA,6,16,16,11,12,5,NA,18,6,16,11.5,36,NA,32,23,19,17,NA,6,16,16,12,13,4,NA,18,6,16,12.5,36,NA,32,25,0.5350201,0.6159936,-0.85093237,18.5,17.5,NA,6,16,16,11.5,12.5,18,6,16,12,4.5,NA
PC3920,SB,15.8,40.13,F,6,7,NA,19,NA,10,15,14,13,14,3,11,19,10,14.5,13.5,NA,NA,29,27,NA,19,NA,9,14,14,13,13,3,10,19,9,14,13,NA,NA,28,26,0.577064,0.6326842,-0.732467664,NA,19,NA,9.5,14.5,14,13,13.5,19,9.5,14.25,13.25,3,10.5
PC3921,SB,11.2,16,F,1/2,3,18,18,7,8,13,12,12,11,NA,11,18,7.5,12.5,11.5,36,15,25,23,20,19,7,7,12,11,11,11,NA,10,19.5,7,11.5,11,39,14,23,22,0.166474,0.1868123,-1.230980929,19,18.5,7,7.5,12.5,11.5,11.5,11,18.75,7.25,12,11.25,NA,10.5
PC3922,SB,14.8,21.2,M,6,4,20,18,8,9,16,17,13,14,7,12,19,8.5,16.5,13.5,38,17,33,27,19,19,8,7,16,17,12,14,6,12,19,7.5,16.5,13,38,15,33,26,0.5711424,0.5529679,-0.840918147,19.5,18.5,8,8,16,17,12.5,14,19,8,16.5,13.25,6.5,12
PC3923,SB,13.9,27.7,M,6,4,18,19,8,7,15,16,12,12,1,15,18.5,7.5,15.5,12,37,15,31,24,17,19,8,6,15,15,12,11,3,13,18,7,15,11.5,36,14,30,23,0.5995857,0.6413723,-0.837887336,17.5,19,8,6.5,15,15.5,12,11.5,18.25,7.25,15.25,11.75,2,14
PC3924,SB,13.6,26.44,M,6,6,19,19,8,8,15,16,10,12,2,12,19,8,15.5,11,38,16,31,22,19,21,7,8,15,17,10,11,3,10,20,7.5,16,10.5,40,15,32,21,0.4352847,0.5046917,-0.997121018,19,20,7.5,8,15,16.5,10,11.5,19.5,7.75,15.75,10.75,2.5,11
PC3925,SB,14.8,31.05,F,7/2,5,16,15,8,8,14,15,13,12,5,12,15.5,8,14.5,12.5,31,16,29,25,16,15,8,8,16,15,13,11,5,12,15.5,8,15.5,12,31,16,31,24,0.4724983,0.4958832,-0.9025594,16,15,8,8,15,15,13,11.5,15.5,8,15,12.25,5,12
PC3926,SB,13.7,25.66,M,7,5,20,18,8,8,16,17,14,14,3,11,19,8,16.5,14,38,16,33,28,20,19,7,8,16,17,14,12,3,10,19.5,7.5,16.5,13,39,15,33,26,0.5364519,0.5866406,-0.913631681,20,18.5,7.5,8,16,17,14,13,19.25,7.75,16.5,13.5,3,10.5
PC3927,SB,13.3,28.1,M,5,6,16,21,8,7,16,16,14,11,2,10,18.5,7.5,16,12.5,37,15,32,25,16,21,8,5,17,16,14,11,2,10,18.5,6.5,16.5,12.5,37,13,33,25,0.4263665,0.5107096,-0.950879056,16,21,8,6,16.5,16,14,11,18.5,7,16.25,12.5,2,10
PC3928,SB,12,18.5,F,1/2,4,22,21,NA,8,13,13,12,13,4,NA,21.5,8,13,12.5,43,NA,26,25,21,22,NA,7,12,15,12,13,4,NA,21.5,7,13.5,12.5,43,NA,27,25,0.343988,0.3711457,-1.060488942,21.5,21.5,NA,7.5,12.5,14,12,13,21.5,7.5,13.25,12.5,4,NA
PC3929,SB,13.3,26.92,M,5,5,21,20,10,9,19,16,12,13,7,13,20.5,9.5,17.5,12.5,41,19,35,25,21,20,10,8,18,15,12,13,7,11,20.5,9,16.5,12.5,41,18,33,25,0.4993513,0.5551984,-0.857250736,21,20,10,8.5,18.5,15.5,12,13,20.5,9.25,17,12.5,7,12
PC3930,SB,13.28,27.2,F,7/2,4,19,18,8,NA,15,15,13,11,3,12,18.5,8,15,12,37,NA,30,24,20,17,6,NA,15,15,13,11,4,12,18.5,6,15,12,37,NA,30,24,0.4890359,0.5175446,-0.968886261,19.5,17.5,7,NA,15,15,13,11,18.5,7,15,12,3.5,12
PC3931,SB,11.8,16.33,F,2,5,20,19,NA,7,14,13,13,12,3,12,19.5,7,13.5,12.5,39,NA,27,25,19,19,NA,6,15,13,12,12,3,11,19,6,14,12,38,NA,28,24,0.302511,0.3344535,-1.059804303,19.5,19,NA,6.5,14.5,13,12.5,12,19.25,6.5,13.75,12.25,3,11.5
PC3932,SB,11.5,15.13,M,5,5,18,18,NA,8,16,15,10,14,NA,11,18,8,15.5,12,36,NA,31,24,16,18,NA,8,15,15,10,14,NA,10,17,8,15,12,34,NA,30,24,0.2926577,0.3003698,-1.123799011,17,18,NA,8,15.5,15,10,14,17.5,8,15.25,12,NA,10.5
PC3933,SB,10.8,13.32,M,6,NA,NA,19,NA,6,13,17,11,12,4,12,19,6,15,11.5,NA,NA,30,23,NA,19,NA,6,13,15,11,12,4,12,19,6,14,11.5,NA,NA,28,23,0.3582864,0.3872391,-1.153053901,NA,19,NA,6,13,16,11,12,19,6,14.5,11.5,4,12
PC3934,SB,11.1,14.32,M,5,4,19,18,NA,7,15,14,11,11,3,14,18.5,7,14.5,11,37,NA,29,22,18,16,NA,7,14,14,11,10,3,14,17,7,14,10.5,34,NA,28,21,0.1952916,0.2181833,-1.183775094,18.5,17,NA,7,14.5,14,11,10.5,17.75,7,14.25,10.75,3,14
PC3935,SB,10.4,11.87,M,1/2,4,21,19,8,8,15,15,10,10,1,13,20,8,15,10,40,16,30,20,20,20,5,7,14,16,11,11,1,11,20,6,15,11,40,12,30,22,0.1359213,0.1303157,-1.272472238,20.5,19.5,6.5,7.5,14.5,15.5,10.5,10.5,20,7,15,10.5,1,12
PC4200,PL,12.3,22.18,M,6,5,17,20,8,8,15,14,14,17,3,13,18.5,8,14.5,15.5,37,16,29,31,19,20,7,7,14,17,12,15,3,12,19.5,7,15.5,13.5,39,14,31,27,0.4072205,0.4566677,-1.185360757,18,20,7.5,7.5,14.5,15.5,13,16,19,7.5,15,14.5,3,12.5
PC4201,PL,14,29.18,M,4,5,20,21,8,9,16,18,16,16,4,13,20.5,8.5,17,16,41,17,34,32,20,23,7,7,16,17,16,15,4,13,21.5,7,16.5,15.5,43,14,33,31,0.5865523,0.636036,-1.076760449,20,22,7.5,8,16,17.5,16,15.5,21,7.75,16.75,15.75,4,13
PC4202,PL,13.7,31.74,M,5,5,19,19,8,9,16,17,13,12,NA,10,19,8.5,16.5,12.5,38,17,33,25,21,20,8,8,16,16,12,13,NA,10,20.5,8,16,12.5,41,16,32,25,0.5022135,0.5689762,-1.048678246,20,19.5,8,8.5,16,16.5,12.5,12.5,19.75,8.25,16.25,12.5,NA,10
PC4203,PL,15,38.61,M,7,5,19,21,8,8,15,17,15,15,7,13,20,8,16,15,40,16,32,30,20,21,8,7,13,16,14,13,6,12,20.5,7.5,14.5,13.5,41,15,29,27,0.6118862,0.7029269,-1.172480586,19.5,21,8,7.5,14,16.5,14.5,14,20.25,7.75,15.25,14.25,6.5,12.5
PC4204,PL,13.4,26.01,M,5,5,19,19,9,7,21,20,17,16,6,12,19,8,20.5,16.5,38,16,41,33,19,21,8,6,20,20,15,15,6,12,20,7,20,15,40,14,40,30,0.502597,0.5801471,-1.02897568,19,20,8.5,6.5,20.5,20,16,15.5,19.5,7.5,20.25,15.75,6,12
PC4205,PL,13.6,29.49,M,4,4,19,18,NA,8,14,14,15,15,4,12,18.5,8,14,15,37,NA,28,30,21,20,NA,8,14,14,14,12,4,13,20.5,8,14,13,41,NA,28,26,0.5378583,0.5518292,-1.045443037,20,19,NA,8,14,14,14.5,13.5,19.5,8,14,14,4,12.5
PC4206,PL,13.3,25.06,M,6,4,17,17,9,8,18,16,12,14,3,13,17,8.5,17,13,34,17,34,26,18,18,8,8,19,16,10,13,3,13,18,8,17.5,11.5,36,16,35,23,0.4682351,0.4802286,-1.099458193,17.5,17.5,8.5,8,18.5,16,11,13.5,17.5,8.25,17.25,12.25,3,13
PC4207,PL,13.6,29.32,M,6,4,16,17,8,NA,14,NA,14,13,NA,13,16.5,8,14,13.5,33,NA,NA,27,16,18,7,NA,14,NA,12,13,NA,12,17,7,14,12.5,34,NA,NA,25,0.5604644,0.5615581,-1.151141189,16,17.5,7.5,NA,14,NA,13,13,16.75,7.5,14,13,NA,12.5
PC4208,PL,14.7,37.35,M,6,4,21,19,8,8,16,15,16,15,4,13,20,8,15.5,15.5,40,16,31,31,21,21,7,8,16,13,16,13,3,12,21,7.5,14.5,14.5,42,15,29,29,0.6601469,0.6539983,-0.971904167,21,20,7.5,8,16,14,16,14,20.5,7.75,15,15,3.5,12.5
PC4209,PL,14,30.39,M,6,NA,17,19,NA,7,16,14,15,14,NA,11,18,7,15,14.5,36,NA,30,29,18,20,NA,6,17,14,14,13,NA,11,19,6,15.5,13.5,38,NA,31,27,0.5430616,0.4873203,-1.109427483,17.5,19.5,NA,6.5,16.5,14,14.5,13.5,18.5,6.5,15.25,14,NA,11
PC4210,PL,17,52.56,M,6,5,18,18,6,NA,15,16,15,15,1,12,18,6,15.5,15,36,NA,31,30,17,18,6,NA,14,16,14,14,1,12,17.5,6,15,14,35,NA,30,28,0.6710905,0.729533,-0.954332778,17.5,18,6,NA,14.5,16,14.5,14.5,17.75,6,15.25,14.5,1,12
PC4211,PL,15.6,39.25,M,5,4,15,14,7,8,14,14,15,14,5,11,14.5,7.5,14,14.5,29,15,28,29,16,15,6,8,14,14,13,11,5,11,15.5,7,14,12,31,14,28,24,0.6388534,0.5924699,-0.952107117,15.5,14.5,6.5,8,14,14,14,12.5,15,7.25,14,13.25,5,11
PC4212,PL,13.4,25.34,M,5,5,18,19,10,8,16,18,15,16,3,13,18.5,9,17,15.5,37,18,34,31,18,20,8,7,16,19,15,15,3,13,19,7.5,17.5,15,38,15,35,30,0.5232894,0.5594861,-1.153639724,18,19.5,9,7.5,16,18.5,15,15.5,18.75,8.25,17.25,15.25,3,13
PC4213,PL,14.4,33.98,M,6,4,19,17,8,7,16,15,16,14,3,12,18,7.5,15.5,15,36,15,31,30,20,17,7,7,16,15,14,12,3,12,18.5,7,15.5,13,37,14,31,26,0.5674114,0.5186075,-1.066685327,19.5,17,7.5,7,16,15,15,13,18.25,7.25,15.5,14,3,12
PC4214,PL,12,20.83,M,6,5,18,16,7,7,16,15,13,13,3,13,17,7,15.5,13,34,14,31,26,20,18,6,7,16,13,13,13,3,13,19,6.5,14.5,13,38,13,29,26,0.4108039,0.4061405,-1.135128076,19,17,6.5,7,16,14,13,13,18,6.75,15,13,3,13
PC4215,PL,17,51.2,M,6,5,21,21,7,NA,17,16,17,16,4,12,21,7,16.5,16.5,42,NA,33,33,22,21,6,NA,17,14,16,15,3,11,21.5,6,15.5,15.5,43,NA,31,31,0.7897646,0.7808549,-0.75804432,21.5,21,6.5,NA,17,15,16.5,15.5,21.25,6.5,16,16,3.5,11.5
PC4216,PL,16.1,48.79,M,6,4,19,17,8,7,17,19,16,16,5,13,18,7.5,18,16,36,15,36,32,20,17,7,6,15,17,13,14,6,12,18.5,6.5,16,13.5,37,13,32,27,0.7110148,0.7072824,-0.996963833,19.5,17,7.5,6.5,16,18,14.5,15,18.25,7,17,14.75,5.5,12.5
PC4217,PL,15.2,42.11,M,5,5,18,18,6,6,15,16,NA,15,4,12,18,6,15.5,15,36,12,31,NA,20,18,6,6,13,15,NA,14,5,12,19,6,14,14,38,12,28,NA,0.6974301,0.6077942,-1.050330567,19,18,6,6,14,15.5,NA,14.5,18.5,6,14.75,14.5,4.5,12
PC4218,PL,17.5,61.78,M,6,5,20,17,7,7,15,14,15,16,NA,12,18.5,7,14.5,15.5,37,14,29,31,21,17,7,7,15,15,16,17,NA,12,19,7,15,16.5,38,14,30,33,0.7737485,0.7672126,-0.782236348,20.5,17,7,7,15,14.5,15.5,16.5,18.75,7,14.75,16,NA,12
PC4219,SB,10.5,20.71,M,6,4,15,16,7,6,NA,13,12,12,4,8,15.5,6.5,13,12,31,13,NA,24,16,16,6,6,NA,14,12,12,4,9,16,6,14,12,32,12,NA,24,0.3069576,0.4251876,-1.165345381,15.5,16,6.5,6,NA,13.5,12,12,15.75,6.25,13.5,12,4,8.5
PC4220,SB,14.2,21.42,M,6,3,16,16,7,6,16,14,12,12,4,10,16,6.5,15,12,32,13,30,24,18,17,7,5,16,14,12,12,4,10,17.5,6,15,12,35,12,30,24,0.5186841,0.6014619,-0.881958058,17,16.5,7,5.5,16,14,12,12,16.75,6.25,15,12,4,10
PC4235,SB,13.4,24.9,F,7/6?,5,17,18,8,8,16,16,13,13,4,12,17.5,8,16,13,35,16,32,26,17,18,8,7,16,16,13,13,4,12,17.5,7.5,16,13,35,15,32,26,0.4885782,0.5665068,-0.901040978,17,18,8,7.5,16,16,13,13,17.5,7.75,16,13,4,12
PC4221,SB,20.8,102.75,F,4,6,22,21,8,7,17,17,13,15,5,12,21.5,7.5,17,14,43,15,34,28,23,23,8,7,16,17,14,14,5,11,23,7.5,16.5,14,46,15,33,28,0.9257083,0.9806895,-0.469517096,22.5,22,8,7,16.5,17,13.5,14.5,22.25,7.5,16.75,14,5,11.5
PC4222,SB,14.1,32.86,M,6,8,21,18,8,6,14,18,13,13,5,11,19.5,7,16,13,39,14,32,26,21,18,8,6,13,18,13,13,5,11,19.5,7,15.5,13,39,14,31,26,0.6275174,0.7337661,-0.763137812,21,18,8,6,13.5,18,13,13,19.5,7,15.75,13,5,11
PC4223,SB,14.3,31.8,F,7/6?,8,16,20,7,9,NA,16,13,13,4,9,18,8,16,13,36,16,NA,26,16,19,7,8,NA,15,13,14,4,9,17.5,7.5,15,13.5,35,15,NA,27,0.4200137,0.4826848,-0.93785689,16,19.5,7,8.5,NA,15.5,13,13.5,17.75,7.75,15.5,13.25,4,9
PC4224,SB,14.5,34.05,M,6,5,NA,NA,8,7,18,18,12,13,3,11,NA,7.5,18,12.5,NA,15,36,25,NA,NA,8,7,18,18,12,13,3,11,NA,7.5,18,12.5,NA,15,36,25,0.5033714,NA,-0.933411974,NA,NA,8,7,18,18,12,13,NA,7.5,18,12.5,3,11
PC4225,SB,16,44.77,F,6,4,20,17,8,NA,21,20,14,14,4,12,18.5,8,20.5,14,37,NA,41,28,20,17,7,NA,19,19,14,13,4,13,18.5,7,19,13.5,37,NA,38,27,0.5220466,0.5374071,-0.88733921,20,17,7.5,NA,20,19.5,14,13.5,18.5,7.5,19.75,13.75,4,12.5
PC4226,SB,11.9,14.48,F,7,5,15,15,7,7,13,15,12,13,3,12,15,7,14,12.5,30,14,28,25,15,15,7,7,13,14,13,13,3,12,15,7,13.5,13,30,14,27,26,0.3224365,0.3361367,-1.208561612,15,15,7,7,13,14.5,12.5,13,15,7,13.75,12.75,3,12
PC4227,SB,13.6,27.99,M,6,5,20,19,8,NA,16,16,16,15,5,12,19.5,8,16,15.5,39,NA,32,31,20,21,8,NA,15,15,14,15,5,10,20.5,8,15,14.5,41,NA,30,29,0.6111171,0.7040514,-0.891771672,20,20,8,NA,15.5,15.5,15,15,20,8,15.5,15,5,11
PC4228,SB,20.2,103.34,F,7?,6,17,18,9,8,16,16,14,14,3,10,17.5,8.5,16,14,35,17,32,28,19,18,8,8,15,15,13,12,5,10,18.5,8,15,12.5,37,16,30,25,0.8864013,0.9322941,-0.500105078,18,18,8.5,8,15.5,15.5,13.5,13,18,8.25,15.5,13.25,4,10
PC4229,SB,17,71.77,F,5,8,17,17,6,8,12,16,12,14,2,11,17,7,14,13,34,14,28,26,17,17,6,8,12,16,11,12,3,11,17,7,14,11.5,34,14,28,23,0.5796077,0.7528639,-0.688550829,17,17,6,8,12,16,11.5,13,17,7,14,12.25,2.5,11
PC4230,SB,14.2,32.22,F,5,6,19,19,7,7,15,15,12,12,2,10,19,7,15,12,38,14,30,24,19,19,7,7,15,14,12,12,2,11,19,7,14.5,12,38,14,29,24,0.4496137,0.5756849,-0.951374827,19,19,7,7,15,14.5,12,12,19,7,14.75,12,2,10.5
PC4231,PL,14.3,27.2,M,6,6,NA,15,7,6,17,15,12,14,2,11,15,6.5,16,13,NA,13,32,26,NA,16,7,7,15,14,12,13,2,11,16,7,14.5,12.5,NA,14,29,25,0.522149,0.5471228,-1.056528558,NA,15.5,7,6.5,16,14.5,12,13.5,15.5,6.75,15.25,12.75,2,11
PC4232,SB,24.2,147.58,F,7,6,16,16,8,8,15,14,14,14,4,11,16,8,14.5,14,32,16,29,28,17,17,8,8,15,14,14,13,4,11,17,8,14.5,13.5,34,16,29,27,0.9793641,1.0602409,-0.374001269,16.5,16.5,8,8,15,14,14,13.5,16.5,8,14.5,13.75,4,11
PC4233,SB,11,15.55,M,6,12,NA,14,9,7,16,16,12,13,2,9,14,8,16,12.5,NA,16,32,25,NA,16,8,6,14,14,12,13,2,10,16,7,14,12.5,NA,14,28,25,0.2495745,0.2464628,-1.183579087,NA,15,8.5,6.5,15,15,12,13,15,7.5,15,12.5,2,9.5
PC4236,LB,50,1430,F,7,8,23,23,10,8,16,18,19,20,2,13,23,9,17,19.5,46,18,34,39,23,23,10,8,16,19,18,17,2,14,23,9,17.5,17.5,46,18,35,35,1.8553771,1.8825976,0.444520653,23,23,10,8,16,18.5,18.5,18.5,23,9,17.25,18.5,2,13.5
PC4237,PI,43.2,980,F,7,12,26,24,7,8,22,20,20,20,7,15,25,7.5,21,20,50,15,42,40,26,24,7,8,22,20,19,19,6,15,25,7.5,21,19,50,15,42,38,1.7101586,1.7342305,0.165154344,26,24,7,8,22,20,19.5,19.5,25,7.5,21,19.5,6.5,15
PC4238,PI,50,1795,M,6,8,22,23,8,8,17,17,20,20,7,12,22.5,8,17,20,45,16,34,40,24,23,8,8,17,17,19,17,7,11,23.5,8,17,18,47,16,34,36,2.1489658,2.1919838,0.693541612,23,23,8,8,17,17,19.5,18.5,23,8,17,19,7,11.5
PC4239,LB,43.4,995,M,7,8,20,21,7,7,16,18,14,14,5,11,20.5,7,17,14,41,14,34,28,20,21,7,7,17,18,14,12,5,11,20.5,7,17.5,13,41,14,35,26,1.7521052,1.7650706,0.293813626,20,21,7,7,16.5,18,14,13,20.5,7,17.25,13.5,5,11
PC4240,PI,41,780,F,7,9,18,19,7,8,16,15,17,15,6,11,18.5,7.5,15.5,16,37,15,31,32,19,19,7,7,16,15,16,17,5,11,19,7,15.5,16.5,38,14,31,33,1.6082357,1.6444442,0.070488416,18.5,19,7,7.5,16,15,16.5,16,18.75,7.25,15.5,16.25,5.5,11
PC4241,PI,35.6,490,F,7,12,17,21,8,9,17,17,15,16,4,13,19,8.5,17,15.5,38,17,34,31,17,18,7,9,15,15,15,15,5,12,17.5,8,15,15,35,16,30,30,1.4747506,1.4543679,-0.139703435,17,19.5,7.5,9,16,16,15,15.5,18.25,8.25,16,15.25,4.5,12.5
PC4242,PI,33,425,M,5,9,24,22,6,8,20,20,18,17,5,13,23,7,20,17.5,46,14,40,35,24,23,6,8,19,17,16,16,6,13,23.5,7,18,16,47,14,36,32,1.6035308,1.6159891,0.092431063,24,22.5,6,8,19.5,18.5,17,16.5,23.25,7,19,16.75,5.5,13
PC4243,PI,36,565,M,6,12,21,21,9,7,19,18,17,17,6,15,21,8,18.5,17,42,16,37,34,21,24,9,7,19,18,17,16,5,14,22.5,8,18.5,16.5,45,16,37,33,1.6598913,1.6832638,0.330115209,21,22.5,9,7,19,18,17,16.5,21.75,8,18.5,16.75,5.5,14.5
PC4244,LB,32,345,M,5,4,21,22,8,8,21,19,14,14,5,10,21.5,8,20,14,43,16,40,28,21,20,7,8,19,18,14,14,6,10,20.5,7.5,18.5,14,41,15,37,28,1.2869663,1.374872,-0.035360849,21,21,7.5,8,20,18.5,14,14,21,7.75,19.25,14,5.5,10
PC4245,PI,27.2,245,M,5,12,25,26,9,10,16,16,17,17,NA,15,25.5,9.5,16,17,51,19,32,34,25,24,7,9,15,14,16,14,NA,14,24.5,8,14.5,15,49,16,29,30,1.370126,1.363855,-0.145408932,25,25,8,9.5,15.5,15,16.5,15.5,25,8.75,15.25,16,NA,14.5
PC4246,SB,29.7,285,F,7?,5,17,19,9,8,14,17,14,17,5,12,18,8.5,15.5,15.5,36,17,31,31,18,20,8,8,14,17,14,16,5,11,19,8,15.5,15,38,16,31,30,1.2481107,1.2668626,-0.16362207,17.5,19.5,8.5,8,14,17,14,16.5,18.5,8.25,15.5,15.25,5,11.5
PC4247,PL,29.9,270,F,7,7,20,18,7,7,20,20,18,15,5,14,19,7,20,16.5,38,14,40,33,20,17,8,7,20,20,18,13,5,12,18.5,7.5,20,15.5,37,15,40,31,1.2474466,1.2038618,-0.356434064,20,17.5,7.5,7,20,20,18,14,18.75,7.25,20,16,5,13
PC4248,PL,26,180,F,7,7,18,17,7,7,18,17,17,16,5,12,17.5,7,17.5,16.5,35,14,35,33,18,17,8,7,18,16,17,16,4,12,17.5,7.5,17,16.5,35,15,34,33,1.0654421,1.0511679,-0.464332787,18,17,7.5,7,18,16.5,17,16,17.5,7.25,17.25,16.5,4.5,12
PC4249,PI,47,1150,F,7,11,21,21,8,7,23,17,19,19,5,9,21,7.5,20,19,42,15,40,38,21,21,7,7,22,16,16,16,5,9,21,7,19,16,42,14,38,32,1.8024257,1.7600206,0.26209821,21,21,7.5,7,22.5,16.5,17.5,17.5,21,7.25,19.5,17.5,5,9
PC4250,PI,45,905,F,7,7,22,25,9,7,18,16,18,15,3,13,23.5,8,17,16.5,47,16,34,33,24,23,7,7,16,16,17,15,3,13,23.5,7,16,16,47,14,32,32,1.7850672,1.7956688,0.252909723,23,24,8,7,17,16,17.5,15,23.5,7.5,16.5,16.25,3,13
PC4251,PI,42.9,945,F,7,8,22,NA,8,7,18,20,17,16,6,14,22,7.5,19,16.5,NA,15,38,33,22,NA,8,7,18,20,15,15,4,14,22,7.5,19,15,NA,15,38,30,1.6318368,1.6200988,0.155059335,22,NA,8,7,18,20,16,15.5,22,7.5,19,15.75,5,14
PC4252,PI,32.8,430,M,6,7,20,20,9,7,16,19,14,16,6,12,20,8,17.5,15,40,16,35,30,20,19,8,7,16,17,13,14,5,11,19.5,7.5,16.5,13.5,39,15,33,27,1.5061542,1.4275362,-0.104775499,20,19.5,8.5,7,16,18,13.5,15,19.75,7.75,17,14.25,5.5,11.5
PC4253,PI,31,360,F,6,7,24,21,7,9,17,19,15,15,6,12,22.5,8,18,15,45,16,36,30,23,22,7,8,17,18,15,13,6,12,22.5,7.5,17.5,14,45,15,35,28,1.3045043,1.3084047,-0.249951008,23.5,21.5,7,8.5,17,18.5,15,14,22.5,7.75,17.75,14.5,6,12
PC4254,PI,31.5,340,F,7,10,24,25,7,9,20,18,16,18,5,12,24.5,8,19,17,49,16,38,34,25,25,8,9,18,18,15,17,6,11,25,8.5,18,16,50,17,36,32,1.3383702,1.333377,-0.328245706,24.5,25,7.5,9,19,18,15.5,17.5,24.75,8.25,18.5,16.5,5.5,11.5
PC4255,PI,34.4,375,F,7,7,23,22,8,8,20,19,17,15,6,14,22.5,8,19.5,16,45,16,39,32,25,22,8,8,18,17,16,13,6,13,23.5,8,17.5,14.5,47,16,35,29,1.388602,1.4311301,-0.164883006,24,22,8,8,19,18,16.5,14,23,8,18.5,15.25,6,13.5
PC4256,PI,28.9,265,M,6,8,21,20,6,7,16,16,14,16,6,11,20.5,6.5,16,15,41,13,32,30,19,19,6,7,16,15,14,14,5,11,19,6.5,15.5,14,38,13,31,28,1.3433663,1.3644274,-0.164970132,20,19.5,6,7,16,15.5,14,15,19.75,6.5,15.75,14.5,5.5,11
PC4257,PI,29.6,265,M,5,7,23,20,8,7,20,20,16,19,5,13,21.5,7.5,20,17.5,43,15,40,35,22,20,8,7,19,18,15,16,4,14,21,7.5,18.5,15.5,42,15,37,31,1.3304506,1.2718684,-0.265524051,22.5,20,8,7,19.5,19,15.5,17.5,21.25,7.5,19.25,16.5,4.5,13.5
PC4258,PI,30,240,F,7,8,23,19,7,7,20,20,19,19,6,16,21,7,20,19,42,14,40,38,23,19,6,7,20,18,19,18,6,16,21,6.5,19,18.5,42,13,38,37,1.3405054,1.3159993,-0.375087699,23,19,6.5,7,20,19,19,18.5,21,6.75,19.5,18.75,6,16
PC4259,SB,29.4,265,F,7,5,21,NA,7,7,15,16,12,12,8,10,21,7,15.5,12,NA,14,31,24,20,NA,8,8,16,15,12,10,7,10,20,8,15.5,11,NA,16,31,22,1.0011376,1.2070753,-0.310234528,20.5,NA,7.5,7.5,15.5,15.5,12,11,20.5,7.5,15.5,11.5,7.5,10
PC4260,PL,24,160,M,3,6,21,19,8,6,19,18,14,13,5,13,20,7,18.5,13.5,40,14,37,27,21,19,8,7,18,15,12,13,5,12,20,7.5,16.5,12.5,40,15,33,25,1.2571031,1.2250592,-0.434284271,21,19,8,6.5,18.5,16.5,13,13,20,7.25,17.5,13,5,12.5
PC4261,PL,25.8,155,F,7,7,18,NA,8,8,20,20,17,18,7,14,18,8,20,17.5,NA,16,40,35,18,NA,7,8,19,19,18,17,6,14,18,7.5,19,17.5,NA,15,38,35,1.1004072,1.0380778,-0.394555862,18,NA,7.5,8,19.5,19.5,17.5,17.5,18,7.75,19.5,17.5,6.5,14
PC4263,PL,26.4,185,F,7,8,20,19,8,8,19,20,15,17,5,14,19.5,8,19.5,16,39,16,39,32,21,19,7,8,19,19,15,15,5,14,20,7.5,19,15,40,15,38,30,1.1320273,1.0768645,-0.449248548,20.5,19,7.5,8,19,19.5,15,16,19.75,7.75,19.25,15.5,5,14
PC4264,PL,22,125,M,5,6,20,19,8,8,18,17,17,14,NA,10,19.5,8,17.5,15.5,39,16,35,31,21,20,8,8,17,16,18,13,NA,10,20.5,8,16.5,15.5,41,16,33,31,1.0651279,1.0597176,-0.596047368,20.5,19.5,8,8,17.5,16.5,17.5,13.5,20,8,17,15.5,NA,10
PC4266,PL,25,160,F,7,7,23,22,7,8,21,21,17,17,5,14,22.5,7.5,21,17,45,15,42,34,22,22,7,8,20,19,18,17,5,12,22,7.5,19.5,17.5,44,15,39,35,1.0146452,1.0378989,-0.462016051,22.5,22,7,8,20.5,20,17.5,17,22.25,7.5,20.25,17.25,5,13
PC4267,PL,27.1,200,F,7,11,22,22,8,8,17,17,17,19,NA,14,22,8,17,18,44,16,34,36,22,22,7,7,17,17,17,17,NA,14,22,7,17,17,44,14,34,34,1.1886984,1.2210298,-0.352815197,22,22,7.5,7.5,17,17,17,18,22,7.5,17,17.5,NA,14
PC4268,SB,22,98.33,F,2,6,19,21,9,8,16,17,14,16,4,13,20,8.5,16.5,15,40,17,33,30,19,20,8,7,16,14,15,15,4,12,19.5,7.5,15,15,39,15,30,30,0.9121151,0.9926104,-0.420291765,19,20.5,8.5,7.5,16,15.5,14.5,15.5,19.75,8,15.75,15,4,12.5
PC4269,SB,22.5,113.25,M,6,8,21,17,7,6,16,15,13,12,3,9,19,6.5,15.5,12.5,38,13,31,25,20,17,7,6,14,15,11,11,3,9,18.5,6.5,14.5,11,37,13,29,22,0.9306836,1.061864,-0.425912222,20.5,17,7,6,15,15,12,11.5,18.75,6.5,15,11.75,3,9
PC4270,SB,21.9,111.02,F,7,7,22,21,10,10,18,18,15,17,6,12,21.5,10,18,16,43,20,36,32,23,20,9,9,18,18,14,15,6,12,21.5,9,18,14.5,43,18,36,29,0.9466703,1.0348432,-0.390184206,22.5,20.5,9.5,9.5,18,18,14.5,16,21.5,9.5,18,15.25,6,12
PC4271,SB,20.2,82.76,F,2,5,18,17,8,9,NA,NA,12,14,3,13,17.5,8.5,NA,13,35,17,NA,26,18,17,7,8,NA,NA,12,12,4,12,17.5,7.5,NA,12,35,15,NA,24,0.772023,0.8076641,-0.610868916,18,17,7.5,8.5,NA,NA,12,13,17.5,8,NA,12.5,3.5,12.5
PC4272,SB,19.6,78.88,F,2,6,17,19,8,8,15,14,10,13,7,11,18,8,14.5,11.5,36,16,29,23,18,20,7,8,15,14,11,11,6,11,19,7.5,14.5,11,38,15,29,22,0.8082435,0.8258154,-0.681931392,17.5,19.5,7.5,8,15,14,10.5,12,18.5,7.75,14.5,11.25,6.5,11
PC4273,SB,20.6,100.88,F,7,6,16,18,7,7,17,17,12,13,1,10,17,7,17,12.5,34,14,34,25,16,19,7,7,15,17,11,13,2,11,17.5,7,16,12,35,14,32,24,0.799517,0.9025003,-0.551536356,16,18.5,7,7,16,17,11.5,13,17.25,7,16.5,12.25,1.5,10.5
PC4274,SB,19,77.67,F,7,6,21,18,6,6,15,18,14,13,5,10,19.5,6,16.5,13.5,39,12,33,27,22,17,6,6,15,18,15,11,4,9,19.5,6,16.5,13,39,12,33,26,0.8459988,0.8481039,-0.677543155,21.5,17.5,6,6,15,18,14.5,12,19.5,6,16.5,13.25,4.5,9.5
PC4275,SB,18.6,70.99,F,2,8,20,18,7,8,17,18,13,12,5,11,19,7.5,17.5,12.5,38,15,35,25,20,18,7,7,17,18,13,12,4,11,19,7,17.5,12.5,38,14,35,25,0.7422235,0.7715224,-0.668638557,20,18,7,7.5,17,18,13,12,19,7.25,17.5,12.5,4.5,11
PC4276,SB,17.8,73.1,F,7,5,20,19,8,7,19,16,14,14,6,10,19.5,7.5,17.5,14,39,15,35,28,20,19,8,6,19,15,15,14,5,11,19.5,7,17,14.5,39,14,34,29,0.6765509,0.8058694,-0.657055034,20,19,8,6.5,19,15.5,14.5,14,19.5,7.25,17.25,14.25,5.5,10.5
PC4277,SB,18.9,78.02,F,2,7,18,21,8,9,18,17,14,14,4,12,19.5,8.5,17.5,14,39,17,35,28,20,20,7,9,18,17,14,13,3,12,20,8,17.5,13.5,40,16,35,27,0.6007126,0.7546978,-0.615955454,19,20.5,7.5,9,18,17,14,13.5,19.75,8.25,17.5,13.75,3.5,12
PC4278,SB,19.1,84.33,F,7,6,18,18,8,7,16,14,15,15,4,12,18,7.5,15,15,36,15,30,30,18,17,8,7,16,12,14,15,3,12,17.5,7.5,14,14.5,35,15,28,29,0.8312094,0.8445676,-0.652437868,18,17.5,8,7,16,13,14.5,15,17.75,7.5,14.5,14.75,3.5,12
PC4279,SB,20.5,82.97,M,7,11,24,24,7,7,17,20,16,14,5,16,24,7,18.5,15,48,14,37,30,24,23,6,7,17,19,16,14,5,13,23.5,6.5,18,15,47,13,36,30,0.9988387,1.0346174,-0.391683145,24,23.5,6.5,7,17,19.5,16,14,23.75,6.75,18.25,15,5,14.5
PC4280,SB,19,75.13,M,6,7,17,19,7,8,19,16,13,13,4,10,18,7.5,17.5,13,36,15,35,26,17,19,7,8,17,16,13,12,4,9,18,7.5,16.5,12.5,36,15,33,25,0.853603,0.940296,-0.528535081,17,19,7,8,18,16,13,12.5,18,7.5,17,12.75,4,9.5
PC4281,SB,13,19,F,7,6,18,18,7,7,16,NA,13,13,2,12,18,7,16,13,36,14,NA,26,19,18,7,7,16,NA,12,12,2,12,18.5,7,16,12,37,14,NA,24,0.4338218,0.4480576,-1.215923413,18.5,18,7,7,16,NA,12.5,12.5,18.25,7,16,12.5,2,12
PC4282,SB,20,80.29,M,5,6,19,19,7,7,16,16,13,14,3,13,19,7,16,13.5,38,14,32,27,18,19,8,5,16,16,13,13,4,11,18.5,6.5,16,13,37,13,32,26,0.86067,0.9196667,-0.559821208,18.5,19,7.5,6,16,16,13,13.5,18.75,6.75,16,13.25,3.5,12
PC4283,SB,16,44.21,F,7,6,16,17,8,7,17,16,15,12,3,13,16.5,7.5,16.5,13.5,33,15,33,27,16,17,7,6,17,16,15,12,3,10,16.5,6.5,16.5,13.5,33,13,33,27,0.6100674,0.6401857,-0.843124792,16,17,7.5,6.5,17,16,15,12,16.5,7,16.5,13.5,3,11.5
PC4284,SB,18.5,75.44,F,7,5,17,17,7,9,15,16,12,12,4,10,17,8,15.5,12,34,16,31,24,17,18,8,8,15,16,11,11,4,12,17.5,8,15.5,11,35,16,31,22,0.7596681,0.7976486,-0.687593107,17,17.5,7.5,8.5,15,16,11.5,11.5,17.25,8,15.5,11.5,4,11
PC4285,SB,17.5,67.88,F,7,10,20,19,7,7,18,17,13,13,5,12,19.5,7,17.5,13,39,14,35,26,20,19,7,7,16,17,13,13,5,11,19.5,7,16.5,13,39,14,33,26,0.7036057,0.7524852,-0.737968344,20,19,7,7,17,17,13,13,19.5,7,17,13,5,11.5
PC4286,SB,15.9,43.82,NA,NA,4,23,24,8,7,19,19,12,12,4,12,23.5,7.5,19,12,47,15,38,24,25,21,7,6,17,19,12,11,4,12,23,6.5,18,11.5,46,13,36,23,0.5571748,0.5874797,-0.852881234,24,22.5,7.5,6.5,18,19,12,11.5,23.25,7,18.5,11.75,4,12
PC4287,SB,14,28.88,F,7,4,17,17,8,7,18,17,11,12,3,10,17,7.5,17.5,11.5,34,15,35,23,18,18,8,7,18,17,11,12,3,11,18,7.5,17.5,11.5,36,15,35,23,0.439141,0.5374793,-0.955612453,17.5,17.5,8,7,18,17,11,12,17.5,7.5,17.5,11.5,3,10.5
PC4288,SB,11.8,23.27,F,7,4,17,18,NA,9,15,15,11,12,3,11,17.5,9,15,11.5,35,NA,30,23,17,19,NA,8,13,15,12,12,3,13,18,8,14,12,36,NA,28,24,0.2906554,0.388501,-1.071763696,17,18.5,NA,8.5,14,15,11.5,12,17.75,8.5,14.5,11.75,3,12
PC4290,SB,13,21.38,F,7,NA,12,12,7,8,18,NA,14,12,3,11,12,7.5,18,13,24,15,NA,26,13,13,7,8,16,11,13,11,3,12,13,7.5,13.5,12,26,15,27,24,0.3887905,0.3818622,-1.033876479,12.5,12.5,7,8,17,NA,13.5,11.5,12.5,7.5,15,12.5,3,11.5
PC4291,SB,12.5,16.71,M,3,4,19,20,6,9,17,18,13,13,5,12,19.5,7.5,17.5,13,39,15,35,26,19,20,7,9,17,18,13,13,4,10,19.5,8,17.5,13,39,16,35,26,0.3980498,0.5413425,-0.9620295,19,20,6.5,9,17,18,13,13,19.5,7.75,17.5,13,4.5,11
PC4292,SB,10.6,12.42,F,7,6,18,17,6,8,12,12,13,13,4,8,17.5,7,12,13,35,14,24,26,18,17,7,8,NA,NA,13,12,3,9,17.5,7.5,NA,12.5,35,15,NA,25,0.2105322,0.2674388,-1.236524594,18,17,6.5,8,12,12,13,12.5,17.5,7.25,12,12.75,3.5,8.5
PC4293,SB,12.4,17.9,M,6,6,18,18,8,7,16,15,15,14,4,10,18,7.5,15.5,14.5,36,15,31,29,17,17,8,6,17,15,15,14,5,10,17,7,16,14.5,34,14,32,29,0.503779,0.5206079,-0.988972865,17.5,17.5,8,6.5,16.5,15,15,14,17.5,7.25,15.75,14.5,4.5,10
PC4294,SB,12.1,18.33,M,7,6,20,22,7,8,15,16,13,13,3,12,21,7.5,15.5,13,42,15,31,26,20,21,8,8,16,15,13,14,3,12,20.5,8,15.5,13.5,41,16,31,27,0.538666,0.5377838,-0.94952094,20,21.5,7.5,8,15.5,15.5,13,13.5,20.75,7.75,15.5,13.25,3,12
PC4295,SB,12.9,26.57,M,7,4,14,16,8,8,18,16,12,11,3,11,15,8,17,11.5,30,16,34,23,15,15,8,8,17,15,12,12,4,12,15,8,16,12,30,16,32,24,0.3682033,0.510491,-0.982077135,14.5,15.5,8,8,17.5,15.5,12,11.5,15,8,16.5,11.75,3.5,11.5
PC4296,SB,13.5,24.9,NA,NA,4,18,17,NA,8,17,16,13,13,4,12,17.5,8,16.5,13,35,NA,33,26,17,17,NA,8,16,16,11,13,4,11,17,8,16,12,34,NA,32,24,0.544503,0.5601062,-0.965486212,17.5,17,NA,8,16.5,16,12,13,17.25,8,16.25,12.5,4,11.5
PC4297,SB,11.1,14.46,F,7,4,18,18,7,7,16,16,13,13,4,11,18,7,16,13,36,14,32,26,17,17,7,7,15,15,12,13,4,11,17,7,15,12.5,34,14,30,25,0.2004732,0.230068,-1.24151212,17.5,17.5,7,7,15.5,15.5,12.5,13,17.5,7,15.5,12.75,4,11
PC4298,SB,10.9,15.75,F,7,5,16,17,8,NA,NA,13,13,12,1,11,16.5,8,13,12.5,33,NA,NA,25,16,17,8,NA,NA,14,12,10,1,10,16.5,8,14,11,33,NA,NA,22,0.2201126,0.2927665,-1.196899994,16,17,8,NA,NA,13.5,12.5,11,16.5,8,13.5,11.75,1,10.5
PC4299,SB,11.5,15.88,M,7,4,18,18,8,8,14,12,12,13,NA,11,18,8,13,12.5,36,16,26,25,18,18,7,8,13,13,13,12,NA,11,18,7.5,13,12.5,36,15,26,25,0.3218048,0.3786319,-1.065388755,18,18,7.5,8,13.5,12.5,12.5,12.5,18,7.75,13,12.5,NA,11
PC4300,SB,10.9,13.76,M,7,3,15,18,8,7,16,15,14,13,NA,NA,16.5,7.5,15.5,13.5,33,15,31,27,14,19,7,7,15,15,14,13,NA,NA,16.5,7,15,13.5,33,14,30,27,0.3131071,0.3919797,-1.099569273,14.5,18.5,7.5,7,15.5,15,14,13,16.5,7.25,15.25,13.5,NA,NA
PC4301,PI,25,181.84,M,6,8,21,23,8,8,18,19,18,18,9,12,22,8,18.5,18,44,16,37,36,22,23,7,8,17,19,18,16,9,11,22.5,7.5,18,17,45,15,36,34,1.1934617,1.2328154,-0.343810919,21.5,23,7.5,8,17.5,19,18,17,22.25,7.75,18.25,17.5,9,11.5
PC4302,PI,24.9,161.8,M,6,7,20,22,7,6,21,18,16,19,7,12,21,6.5,19.5,17.5,42,13,39,35,22,22,6,7,22,18,16,19,7,12,22,6.5,20,17.5,44,13,40,35,1.1811798,1.1125161,-0.388412544,21,22,6.5,6.5,21.5,18,16,19,21.5,6.5,19.75,17.5,7,12
PC4303,PI,23.7,141.58,M,6,NA,22,21,8,7,17,17,16,17,5,12,21.5,7.5,17,16.5,43,15,34,33,24,21,7,7,17,17,16,17,5,10,22.5,7,17,16.5,45,14,34,33,1.1246548,1.1227614,-0.475286926,23,21,7.5,7,17,17,16,17,22,7.25,17,16.5,5,11
PC4305,LB,37.1,543.07,M,7,6,23,20,6,7,19,19,15,14,5,13,21.5,6.5,19,14.5,43,13,38,29,25,22,5,6,19,18,14,15,5,13,23.5,5.5,18.5,14.5,47,11,37,29,1.4040684,1.4812446,-0.014852925,24,21,5.5,6.5,19,18.5,14.5,14.5,22.5,6,18.75,14.5,5,13
PC4306,LB,34.2,550,M,7,6,19,20,6,6,17,15,14,14,2,11,19.5,6,16,14,39,12,32,28,21,20,5,6,14,13,13,12,2,11,20.5,5.5,13.5,12.5,41,11,27,25,1.2593819,1.3140327,-0.194486785,20,20,5.5,6,15.5,14,13.5,13,20,5.75,14.75,13.25,2,11
PC4307,LB,50,1000,M,7,8,20,19,8,6,18,16,12,15,4,12,19.5,7,17,13.5,39,14,34,27,23,20,6,6,18,17,12,12,5,10,21.5,6,17.5,12,43,12,35,24,1.7519391,1.8277277,0.319980095,21.5,19.5,7,6,18,16.5,12,13.5,20.5,6.5,17.25,12.75,4.5,11
PC4308,LB,50.1,1195,M,6,9,23,24,7,8,16,16,16,15,4,12,23.5,7.5,16,15.5,47,15,32,31,23,24,8,8,16,15,16,15,4,12,23.5,8,15.5,15.5,47,16,31,31,1.7605989,1.8687329,0.384537161,23,24,7.5,8,16,15.5,16,15,23.5,7.75,15.75,15.5,4,12
PC4309,LB,52.1,1420,M,7,15,20,22,7,8,17,18,12,13,7,15,21,7.5,17.5,12.5,42,15,35,25,20,22,7,8,17,17,12,13,7,15,21,7.5,17,12.5,42,15,34,25,1.9546536,1.987697,0.637130595,20,22,7,8,17,17.5,12,13,21,7.5,17.25,12.5,7,15
PC4310,LB,38.8,610,M,7,9,20,18,7,8,16,14,16,16,6,10,19,7.5,15,16,38,15,30,32,20,18,7,8,14,13,16,15,7,11,19,7.5,13.5,15.5,38,15,27,31,1.5343947,1.627293,0.042469279,20,18,7,8,15,13.5,16,15.5,19,7.5,14.25,15.75,6.5,10.5
PC4311,LB,44,995,F,7,9,24,20,8,6,14,NA,19,15,3,12,22,7,14,17,44,14,NA,34,24,20,8,6,14,12,19,14,3,13,22,7,13,16.5,44,14,26,33,1.5482042,1.6431327,0.133767174,24,20,8,6,14,NA,19,14.5,22,7,13.33333333,16.75,3,12.5
PC4312,LB,42.6,1080,F,7,8,20,18,8,7,18,15,14,14,5,10,19,7.5,16.5,14,38,15,33,28,19,18,8,6,17,15,15,14,5,10,18.5,7,16,14.5,37,14,32,29,1.5017325,1.568459,0.024333405,19.5,18,8,6.5,17.5,15,14.5,14,18.75,7.25,16.25,14.25,5,10
PC4313,LB,38.2,700,M,7,5,21,22,8,8,15,13,17,16,3,12,21.5,8,14,16.5,43,16,28,33,21,22,8,8,15,13,16,14,3,13,21.5,8,14,15,43,16,28,30,1.5226103,1.595413,0.055982206,21,22,8,8,15,13,16.5,15,21.5,8,14,15.75,3,12.5
PC4314,LB,45.1,1135,M,7,13,21,20,7,6,14,14,14,17,6,12,20.5,6.5,14,15.5,41,13,28,31,20,20,7,6,15,14,15,17,6,12,20,6.5,14.5,16,40,13,29,32,1.7670563,1.6724955,0.259416495,20.5,20,7,6,14.5,14,14.5,17,20.25,6.5,14.25,15.75,6,12
PC4315,LB,49,1565,M,7,11,20,20,7,8,15,15,16,17,5,11,20,7.5,15,16.5,40,15,30,33,19,20,7,6,14,14,15,16,5,11,19.5,6.5,14,15.5,39,13,28,31,1.8284066,1.9344247,0.408054538,19.5,20,7,7,14.5,14.5,15.5,16.5,19.75,7,14.5,16,5,11
PC4316,LB,49.8,1370,M,7,12,26,27,8,6,17,19,23,20,6,16,26.5,7,18,21.5,53,14,36,43,27,27,8,6,17,19,20,22,5,15,27,7,18,21,54,14,36,42,2.0418131,1.9711637,0.561065627,26.5,27,8,6,17,19,21.5,21,26.75,7,18,21.25,5.5,15.5
PC4317,LB,43.8,1030,F,7,6,23,24,9,7,16,19,16,15,6,11,23.5,8,17.5,15.5,47,16,35,31,22,23,8,7,16,18,16,15,6,11,22.5,7.5,17,15.5,45,15,34,31,1.4157388,1.6160668,0.071886114,22.5,23.5,8.5,7,16,18.5,16,15,23,7.75,17.25,15.5,6,11
PC4318,LB,36.3,545,M,7,8,20,18,8,6,14,16,14,12,5,NA,19,7,15,13,38,14,30,26,21,18,8,5,14,14,13,11,5,NA,19.5,6.5,14,12,39,13,28,24,1.4133064,1.5068619,0.056541169,20.5,18,8,5.5,14,15,13.5,11.5,19.25,6.75,14.5,12.5,5,NA
PC4319,LB,47.4,1085,F,7,8,21,23,8,7,18,15,19,18,2,12,22,7.5,16.5,18.5,44,15,33,37,21,22,8,6,17,14,18,18,2,12,21.5,7,15.5,18,43,14,31,36,1.6055533,1.6879065,0.289266956,21,22.5,8,6.5,17.5,14.5,18.5,18,21.75,7.25,16,18.25,2,12
PC4320,LB,32.9,385,M,7,6,21,22,6,7,16,15,14,14,5,11,21.5,6.5,15.5,14,43,13,31,28,20,21,6,7,15,15,15,13,5,11,20.5,6.5,15,14,41,13,30,28,1.2718351,1.3119226,-0.089353729,20.5,21.5,6,7,15.5,15,14.5,13.5,21,6.5,15.25,14,5,11
PC4321,LB,30.8,320,M,7,7,21,21,8,9,18,18,15,15,5,10,21,8.5,18,15,42,17,36,30,19,18,7,8,18,17,14,16,4,9,18.5,7.5,17.5,15,37,15,35,30,1.2610109,1.3107995,-0.203162239,20,19.5,7.5,8.5,18,17.5,14.5,15.5,19.75,8,17.75,15,4.5,9.5
PC4322,LB,41.4,980,M,7,8,23,22,7,8,18,18,13,16,6,12,22.5,7.5,18,14.5,45,15,36,29,22,22,7,8,16,17,14,14,6,12,22,7.5,16.5,14,44,15,33,28,1.5666674,1.6615154,0.108028004,22.5,22,7,8,17,17.5,13.5,15,22.25,7.5,17.25,14.25,6,12
PC4323,LB,41.7,920,F,7,8,19,23,8,8,15,16,15,16,5,13,21,8,15.5,15.5,42,16,31,31,19,22,8,8,15,15,13,15,4,11,20.5,8,15,14,41,16,30,28,1.4117025,1.5235916,-0.022046351,19,22.5,8,8,15,15.5,14,15.5,20.75,8,15.25,14.75,4.5,12
PC4324,LB,44,1040,M,7,9,23,22,6,9,16,15,15,15,6,13,22.5,7.5,15.5,15,45,15,31,30,24,21,6,9,15,15,15,14,5,12,22.5,7.5,15,14.5,45,15,30,29,1.7035511,1.7371992,0.235104336,23.5,21.5,6,9,15.5,15,15,14.5,22.5,7.5,15.25,14.75,5.5,12.5
PC4325,LB,34,400,M,7,8,24,27,6,6,21,20,19,19,5,14,25.5,6,20.5,19,51,12,41,38,24,27,6,6,20,19,18,17,5,13,25.5,6,19.5,17.5,51,12,39,35,1.4340854,1.5379994,-0.031540347,24,27,6,6,20.5,19.5,18.5,18,25.5,6,20,18.25,5,13.5
PC4326,LB,39.9,780,M,7,8,18,20,7,5,13,12,13,13,2,13,19,6,12.5,13,38,12,25,26,18,20,7,5,13,12,13,12,2,11,19,6,12.5,12.5,38,12,25,25,1.5223078,1.6107263,-0.059815089,18,20,7,5,13,12,13,12.5,19,6,12.5,12.75,2,12
PC4327,LB,53,1935,M,7,9,21,20,8,6,15,14,12,12,6,10,20.5,7,14.5,12,41,14,29,24,21,20,7,7,15,14,12,12,6,10,20.5,7,14.5,12,41,14,29,24,1.8494556,1.9067253,0.337557181,21,20,7.5,6.5,15,14,12,12,20.5,7,14.5,12,6,10
PC4328,LB,41.2,780,M,7,8,24,25,9,8,17,17,21,21,5,16,24.5,8.5,17,21,49,17,34,42,24,25,9,7,17,16,21,21,6,16,24.5,8,16.5,21,49,16,33,42,1.7443661,1.791991,0.263160882,24,25,9,7.5,17,16.5,21,21,24.5,8.25,16.75,21,5.5,16
PC4329,LB,35.4,670,M,7,7,22,21,6,7,15,12,11,13,2,9,21.5,6.5,13.5,12,43,13,27,24,22,22,6,6,14,12,12,11,2,9,22,6,13,11.5,44,12,26,23,1.5026374,1.546863,0.056267205,22,21.5,6,6.5,14.5,12,11.5,12,21.75,6.25,13.25,11.75,2,9
PC4330,LB,41.9,925,M,7,7,20,18,8,7,18,18,15,14,5,11,19,7.5,18,14.5,38,15,36,29,21,17,8,7,15,16,14,13,5,11,19,7.5,15.5,13.5,38,15,31,27,1.5451679,1.6367833,0.228754012,20.5,17.5,8,7,16.5,17,14.5,13.5,19,7.5,16.75,14,5,11
PC4331,LB,40.8,800,F,7,11,21,23,8,8,19,19,16,15,3,12,22,8,19,15.5,44,16,38,31,21,23,8,8,17,17,16,15,5,12,22,8,17,15.5,44,16,34,31,1.507682,1.5876506,0.13764431,21,23,8,8,18,18,16,15,22,8,18,15.5,4,12
PC4332,LB,30.3,330,M,7,7,18,21,8,7,NA,15,12,11,5,8,19.5,7.5,15,11.5,39,15,NA,23,18,20,8,7,11,11,11,10,5,8,19,7.5,11,10.5,38,15,22,21,1.1887599,1.2816562,-0.131092114,18,20.5,8,7,NA,13,11.5,10.5,19.25,7.5,12.33333333,11,5,8
PC4333,LB,43,830,M,7,7,20,19,7,7,15,15,18,17,5,13,19.5,7,15,17.5,39,14,30,35,20,18,7,7,15,15,19,17,4,11,19,7,15,18,38,14,30,36,1.6526753,1.6951557,0.263707931,20,18.5,7,7,15,15,18.5,17,19.25,7,15,17.75,4.5,12
PC4334,LB,44,960,F,7,8,23,25,7,6,18,20,17,16,7,11,24,6.5,19,16.5,48,13,38,33,23,25,7,6,17,20,16,14,6,12,24,6.5,18.5,15,48,13,37,30,1.4394487,1.5919754,0.133180788,23,25,7,6,17.5,20,16.5,15,24,6.5,18.75,15.75,6.5,11.5
PC4349,PL,25.2,119.64,F,7,7,19,17,8,6,18,17,17,16,7,13,18,7,17.5,16.5,36,14,35,33,19,17,8,7,17,16,16,16,8,12,18,7.5,16.5,16,36,15,33,32,0.9854856,0.9769251,-0.620208443,19,17,8,6.5,17.5,16.5,16.5,16,18,7.25,17,16.25,7.5,12.5
PC4350,PL,17.4,38.03,M,7,6,16,17,7,8,16,16,15,16,7,13,16.5,7.5,16,15.5,33,15,32,31,16,17,7,7,16,13,15,15,6,11,16.5,7,14.5,15,33,14,29,30,0.5946098,0.5415976,-0.964643694,16,17,7,7.5,16,14.5,15,15.5,16.5,7.25,15.25,15.25,6.5,12
PC4351,PL,19,54.31,M,7,6,19,18,8,NA,16,17,17,16,4,12,18.5,8,16.5,16.5,37,NA,33,33,19,18,8,NA,16,17,16,15,5,13,18.5,8,16.5,15.5,37,NA,33,31,0.7490944,0.7631699,-0.873499125,19,18,8,NA,16,17,16.5,15.5,18.5,8,16.5,16,4.5,12.5
PC4352,PL,21.2,76.26,F,7,6,18,19,9,7,17,12,17,17,7,13,18.5,8,14.5,17,37,16,29,34,18,19,8,8,16,12,15,15,5,13,18.5,8,14,15,37,16,28,30,0.8378394,0.8073999,-0.830791282,18,19,8.5,7.5,16.5,12,16,16,18.5,8,14.25,16,6,13
PC4353,PL,17.4,38.43,F,7,6,18,19,7,6,17,17,15,13,4,10,18.5,6.5,17,14,37,13,34,28,18,18,7,6,15,17,13,11,4,10,18,6.5,16,12,36,13,32,24,0.557816,0.622764,-1.032990292,18,18.5,7,6,16,17,14,12,18.25,6.5,16.5,13,4,10
PC4354,PL,21.4,77.76,M,7,6,19,16,8,8,19,16,14,15,4,11,17.5,8,17.5,14.5,35,16,35,29,19,17,8,8,19,14,15,14,4,12,18,8,16.5,14.5,36,16,33,29,0.8380185,0.8188653,-0.758804054,19,16.5,8,8,19,15,14.5,14.5,17.75,8,17,14.5,4,11.5
PC4355,PL,18,40.49,M,7,6,20,19,7,8,17,20,16,17,4,12,19.5,7.5,18.5,16.5,39,15,37,33,20,19,7,8,16,18,16,17,4,12,19.5,7.5,17,16.5,39,15,34,33,0.6712597,0.7022678,-1.042192157,20,19,7,8,16.5,19,16,17,19.5,7.5,17.75,16.5,4,12
PC4356,PL,21.4,74.03,M,7,6,20,21,7,7,17,17,17,17,3,14,20.5,7,17,17,41,14,34,34,20,21,7,8,17,16,16,17,3,14,20.5,7.5,16.5,16.5,41,15,33,33,0.8338468,0.8507629,-0.822997859,20,21,7,7.5,17,16.5,16.5,17,20.5,7.25,16.75,16.75,3,14
PC4357,PL,21.8,89.24,F,7,7,19,18,7,7,NA,17,16,15,3,12,18.5,7,17,15.5,37,14,NA,31,19,18,7,7,11,15,14,15,3,13,18.5,7,13,14.5,37,14,26,29,0.8352438,0.8423585,-0.79397781,19,18,7,7,NA,16,15,15,18.5,7,14.33333333,15,3,12.5
PC4358,PL,21,70.3,F,7,6,19,17,8,8,18,18,15,17,3,14,18,8,18,16,36,16,36,32,19,19,8,8,15,17,15,16,3,13,19,8,16,15.5,38,16,32,31,0.8009874,0.7967478,-0.750251308,19,18,8,8,16.5,17.5,15,16.5,18.5,8,17,15.75,3,13.5
PC4359,PL,22.4,101.1,F,7,7,20,22,8,NA,17,16,18,16,4,13,21,8,16.5,17,42,NA,33,34,20,21,8,NA,17,16,16,14,4,13,20.5,8,16.5,15,41,NA,33,30,0.9499243,0.9494218,-0.742600709,20,21.5,8,NA,17,16,17,15,20.75,8,16.5,16,4,13
PC4360,PL,23.2,91.75,F,7,8,22,21,8,9,18,15,18,19,NA,14,21.5,8.5,16.5,18.5,43,17,33,37,22,21,8,9,19,15,17,17,NA,15,21.5,8.5,17,17,43,17,34,34,0.9165008,0.9113611,-0.639858276,22,21,8,9,18.5,15,17.5,18,21.5,8.5,16.75,17.75,NA,14.5
PC4361,PL,21.4,80.68,F,7,7,20,21,6,8,19,17,17,17,5,15,20.5,7,18,17,41,14,36,34,20,21,7,8,19,17,17,15,5,15,20.5,7.5,18,16,41,15,36,32,0.865553,0.8588207,-0.720938419,20,21,6.5,8,19,17,17,16,20.5,7.25,18,16.5,5,15
PC4362,PL,19.2,58.28,M,7,4,16,19,7,8,21,18,17,17,5,12,17.5,7.5,19.5,17,35,15,39,34,18,18,7,7,20,17,16,17,5,12,18,7,18.5,16.5,36,14,37,33,0.7587582,0.7423301,-0.832704544,17,18.5,7,7.5,20.5,17.5,16.5,17,17.75,7.25,19,16.75,5,12
PC4363,PL,18.2,41.6,F,7,6,15,17,8,7,18,NA,15,14,NA,14,16,7.5,18,14.5,32,15,NA,29,15,17,8,7,16,NA,14,14,NA,14,16,7.5,16,14,32,15,NA,28,0.6508501,0.6655296,-0.912761503,15,17,8,7,17,NA,14.5,14,16,7.5,17,14.25,NA,14
PC4364,PL,20.4,62.64,F,7,7,19,19,7,6,15,17,16,13,4,14,19,6.5,16,14.5,38,13,32,29,20,20,7,7,16,16,15,14,4,12,20,7,16,14.5,40,14,32,29,0.7989202,0.8018161,-0.864753589,19.5,19.5,7,6.5,15.5,16.5,15.5,13.5,19.5,6.75,16,14.5,4,13
PC4365,PL,24,109.96,F,7,8,19,21,8,7,17,17,16,16,4,12,20,7.5,17,16,40,15,34,32,19,20,8,7,15,17,16,17,5,12,19.5,7.5,16,16.5,39,15,32,33,0.9724292,1.0183329,-0.611012976,19,20.5,8,7,16,17,16,16.5,19.75,7.5,16.5,16.25,4.5,12
PC4366,PL,15.8,27.36,M,7,5,16,19,9,8,17,17,15,15,4,12,17.5,8.5,17,15,35,17,34,30,18,19,9,8,17,17,14,16,4,14,18.5,8.5,17,15,37,17,34,30,0.6262606,0.5192614,-1.045715026,17,19,9,8,17,17,14.5,15.5,18,8.5,17,15,4,13
PC4367,PL,19.2,57.5,F,7,6,17,15,8,7,18,16,12,12,4,14,16,7.5,17,12,32,15,34,24,17,15,8,7,16,16,13,12,5,14,16,7.5,16,12.5,32,15,32,25,0.6670281,0.7213126,-0.899862316,17,15,8,7,17,16,12.5,12,16,7.5,16.5,12.25,4.5,14
PC4368,PL,20,55.21,F,7,5,18,19,9,NA,17,15,16,13,6,12,18.5,9,16,14.5,37,NA,32,29,20,19,9,NA,16,15,14,14,6,12,19.5,9,15.5,14,39,NA,31,28,0.7577275,0.683579,-1.021555053,19,19,9,NA,16.5,15,15,13.5,19,9,15.75,14.25,6,12
PC4369,PL,18.2,49.95,F,7,6,18,19,7,7,17,18,14,16,5,11,18.5,7,17.5,15,37,14,35,30,17,19,7,6,16,17,12,15,4,12,18,6.5,16.5,13.5,36,13,33,27,0.6478851,0.6556324,-0.948246321,17.5,19,7,6.5,16.5,17.5,13,15.5,18.25,6.75,17,14.25,4.5,11.5
PC4370,PL,23.6,102.51,M,7,7,21,21,7,8,14,15,19,17,4,14,21,7.5,14.5,18,42,15,29,36,21,21,7,8,14,15,19,17,4,14,21,7.5,14.5,18,42,15,29,36,1.0026172,1.0567673,-0.563540392,21,21,7,8,14,15,19,17,21,7.5,14.5,18,4,14
PC4371,LB,50,1340,F,2,NA,NA,24,8,7,18,15,15,17,3,10,24,7.5,16.5,16,NA,15,33,32,NA,23,7,7,16,14,17,15,4,10,23,7,15,16,NA,14,30,32,1.7896223,1.8572783,0.399423282,NA,23.5,7.5,7,17,14.5,16,16,23.5,7.25,15.75,16,3.5,10
PC4372,PI,45.4,1030,M,7,12,24,23,8,NA,19,19,22,26,8,16,23.5,8,19,24,47,NA,38,48,24,23,7,NA,19,18,22,24,8,16,23.5,7,18.5,23,47,NA,37,46,1.9763047,1.9370398,0.478222269,24,23,7.5,NA,19,18.5,22,25,23.5,7.5,18.75,23.5,8,16
PC4373,LB,37.6,730,F,2,7,21,22,8,7,19,15,13,13,3,12,21.5,7.5,17,13,43,15,34,26,23,23,7,7,16,15,13,12,3,11,23,7,15.5,12.5,46,14,31,25,1.2732709,1.3370201,-0.143835154,22,22.5,7.5,7,17.5,15,13,12.5,22.25,7.25,16.25,12.75,3,11.5
PC4374,PI,37.6,500,F,7,9,19,18,8,8,21,20,15,17,8,10,18.5,8,20.5,16,37,16,41,32,17,18,7,7,19,19,15,16,8,11,17.5,7,19,15.5,35,14,38,31,1.4618751,1.452667,-0.074467004,18,18,7.5,7.5,20,19.5,15,16.5,18,7.5,19.75,15.75,8,10.5
PC4375,LB,52.8,1500,F,2,12,20,18,8,8,18,19,15,17,6,12,19,8,18.5,16,38,16,37,32,20,18,7,8,18,17,14,16,7,10,19,7.5,17.5,15,38,15,35,30,1.7304235,1.7747447,0.308486599,20,18,7.5,8,18,18,14.5,16.5,19,7.75,18,15.5,6.5,11
PC4376,LB,40.4,765,F,2,8,23,24,NA,7,16,16,12,15,4,13,23.5,7,16,13.5,47,NA,32,27,23,22,NA,7,17,14,12,12,4,14,22.5,7,15.5,12,45,NA,31,24,1.4707434,1.4969956,-0.066295674,23,23,NA,7,16.5,15,12,13.5,23,7,15.75,12.75,4,13.5
PC4377,PI,52.4,1505,M,6,9,24,20,9,8,20,17,20,21,6,14,22,8.5,18.5,20.5,44,17,37,41,25,21,8,8,20,17,20,18,5,13,23,8,18.5,19,46,16,37,38,1.924652,1.9358185,0.521937486,24.5,20.5,8.5,8,20,17,20,19.5,22.5,8.25,18.5,19.75,5.5,13.5
PC4378,PI,41.2,680,M,7,8,26,21,8,9,18,20,15,14,6,14,23.5,8.5,19,14.5,47,17,38,29,26,22,7,7,15,19,16,14,6,13,24,7,17,15,48,14,34,30,1.7331607,1.640413,0.120359249,26,21.5,7.5,8,16.5,19.5,15.5,14,23.75,7.75,18,14.75,6,13.5
PC4379,LB,46.2,1315,M,1,7,19,23,8,7,18,18,14,14,4,12,21,7.5,18,14,42,15,36,28,16,21,6,7,16,18,11,12,4,13,18.5,6.5,17,11.5,37,13,34,23,1.5981385,1.7602775,0.278871307,17.5,22,7,7,17,18,12.5,13,19.75,7,17.5,12.75,4,12.5
PC4380,PI,46,1255,M,1,7,19,20,8,9,16,16,18,14,3,12,19.5,8.5,16,16,39,17,32,32,19,19,7,6,13,15,16,11,3,12,19,6.5,14,13.5,38,13,28,27,1.815156,1.8254595,0.445024495,19,19.5,7.5,7.5,14.5,15.5,17,12.5,19.25,7.5,15,14.75,3,12
PC4381,PI,36,525,M,7,7,18,19,8,7,16,16,17,19,7,11,18.5,7.5,16,18,37,15,32,36,18,19,7,6,15,17,15,17,6,11,18.5,6.5,16,16,37,13,32,32,1.6835569,1.6926995,0.175563437,18,19,7.5,6.5,15.5,16.5,16,18,18.5,7,16,17,6.5,11
PC4382,PI,44.2,940,M,7,8,18,20,7,7,17,16,14,15,7,16,19,7,16.5,14.5,38,14,33,29,17,21,7,6,15,14,12,15,5,16,19,6.5,14.5,13.5,38,13,29,27,1.7543931,1.7479365,0.232318015,17.5,20.5,7,6.5,16,15,13,15,19,6.75,15.5,14,6,16
PC4383,PI,34.6,375,M,7,7,21,22,8,8,19,19,17,17,7,14,21.5,8,19,17,43,16,38,34,20,21,7,8,18,18,17,15,6,12,20.5,7.5,18,16,41,15,36,32,1.4154661,1.4297385,-0.126921994,20.5,21.5,7.5,8,18.5,18.5,17,16,21,7.75,18.5,16.5,6.5,13
PC4384,PI,43.8,995,F,7,9,23,25,8,8,18,20,19,18,6,12,24,8,19,18.5,48,16,38,37,24,21,8,8,17,20,17,17,6,13,22.5,8,18.5,17,45,16,37,34,1.6728065,1.6748957,0.064648071,23.5,23,8,8,17.5,20,18,17.5,23.25,8,18.75,17.75,6,12.5
PC4385,PI,36.4,380,M,7,7,20,18,7,7,18,13,13,17,4,18,19,7,15.5,15,38,14,31,30,21,19,7,6,15,13,12,16,5,18,20,6.5,14,14,40,13,28,28,1.5609401,1.5198259,-0.041888106,20.5,18.5,7,6.5,16.5,13,12.5,16.5,19.5,6.75,14.75,14.5,4.5,18
PC4386,PI,36.6,435,M,7,9,20,21,7,8,14,18,13,13,4,13,20.5,7.5,16,13,41,15,32,26,20,22,7,6,13,17,11,13,5,13,21,6.5,15,12,42,13,30,24,1.5295359,1.5871455,-0.007148312,20,21.5,7,7,13.5,17.5,12,13,20.75,7,15.5,12.5,4.5,13
PC4387,LB,40.6,750,M,1,7,21,19,8,8,15,18,15,14,5,10,20,8,16.5,14.5,40,16,33,29,20,19,8,5,15,17,13,13,5,10,19.5,6.5,16,13,39,13,32,26,1.5601724,1.5769722,0.197803413,20.5,19,8,6.5,15,17.5,14,13.5,19.75,7.25,16.25,13.75,5,10
PC4388,LB,38,615,M,2,8,17,NA,7,8,17,18,14,13,6,11,17,7.5,17.5,13.5,NA,15,35,27,18,16,6,8,18,17,14,12,6,11,17,7,17.5,13,34,14,35,26,1.4131692,1.4050373,-0.040256165,17.5,NA,6.5,8,17.5,17.5,14,12.5,17,7.25,17.5,13.25,6,11
PC4389,PI,42,725,M,7,8,20,22,8,7,19,19,19,17,6,19,21,7.5,19,18,42,15,38,36,18,21,8,7,18,19,17,16,4,20,19.5,7.5,18.5,16.5,39,15,37,33,1.7444238,1.8302674,0.354438044,19,21.5,8,7,18.5,19,18,16.5,20.25,7.5,18.75,17.25,5,19.5
PC4390,PI,37.8,485,M,6,8,21,21,7,7,17,19,16,17,7,17,21,7,18,16.5,42,14,36,33,22,21,6,7,14,17,16,17,7,17,21.5,6.5,15.5,16.5,43,13,31,33,1.5918797,1.5230084,0.054055366,21.5,21,6.5,7,15.5,18,16,17,21.25,6.75,16.75,16.5,7,17
PC4391,PL,23.6,100,F,7,7,20,21,9,8,20,14,16,18,3,15,20.5,8.5,17,17,41,17,34,34,19,21,9,8,17,12,16,17,3,15,20,8.5,14.5,16.5,40,17,29,33,0.9067503,0.9004726,-0.703064471,19.5,21,9,8,18.5,13,16,17.5,20.25,8.5,15.75,16.75,3,15
PC4392,PI,30.2,235,F,7,8,21,23,8,8,20,19,18,17,3,13,22,8,19.5,17.5,44,16,39,35,20,23,7,8,20,17,17,17,4,13,21.5,7.5,18.5,17,43,15,37,34,1.3011933,1.3152082,-0.273251465,20.5,23,7.5,8,20,18,17.5,17,21.75,7.75,19,17.25,3.5,13
PC4393,PI,36.7,575,M,7,10,22,24,8,9,21,21,20,21,8,14,23,8.5,21,20.5,46,17,42,41,24,24,8,9,19,20,22,20,8,14,24,8.5,19.5,21,48,17,39,42,1.621709,1.5627847,0.025048823,23,24,8,9,20,20.5,21,20.5,23.5,8.5,20.25,20.75,8,14
