id_me,morph,length_cm,weight_g,logCsize_M,sex,age,sideLR,tooth,top,side,angle
PC3831,LB,42.5,1061,1.58071,F,8,Left,1,0.39,0.35,48.0940581
PC3839,PI,42.8,1131,1.7564629,M,9,Left,1,0.61,0.51,50.1021653
PC3840,LB,37.1,672,1.4378166,M,7,Left,1,0.34,0.54,32.1957339
PC3841,PI,49.5,1714,1.9217087,M,9,Left,1,0.52,0.79,33.3540258
PC3842,LB,42,1010,1.8412973,M,8,Left,1,0.6,0.45,53.1301024
PC3843,LB,40.7,815,1.8129056,M,9,Left,1,0.38,0.81,25.132955
PC3844,LB,34.7,504,1.459648,M,7,Left,1,0.37,0.34,47.4195092
PC3845,PI,46.9,1455,2.0275085,M,11,Left,1,0.66,0.65,45.4373639
PC3846,PI,43,990,1.7665138,M,9,Left,1,0.43,0.75,29.8270847
PC3847,PI,36.7,655,1.5849015,M,8,Left,1,0.46,0.45,45.6295986
PC3848,PI,41.2,1001,1.7885364,M,9,Left,1,0.45,0.64,35.1120112
PC3849,LB,33.8,362,1.5337752,F,7,Left,1,0.39,0.53,36.3474582
PC3851,PL,22.3,130,1.0937171,M,9,Left,1,0.27,0.26,46.0809242
PC3855,PL,19.4,74,0.8475624,M,5,Left,1,0.13,0.19,34.3803447
PC3859,PL,14.8,36,0.5783102,M,5,Left,1,0.08,0.15,28.0724869
PC3863,PL,14,33,0.5643297,M,4,Left,1,0.09,0.16,29.3577535
PC3864,PI,45,1078,1.8850439,M,9,Left,1,0.36,0.36,45
PC3865,PI,24.5,162,1.1188713,M,7,Left,1,0.22,0.25,41.3477772
PC3867,LB,24.5,145,1.0379227,F,NA,Left,1,0.31,0.2,57.1714582
PC3868,LB,34.2,430,1.0363248,F,6,Left,1,0.28,0.26,47.1210964
PC3870,PL,20.5,81,0.8542629,F,7,Left,1,0.09,0.22,22.2490237
PC3873,PL,18.5,65,0.8136642,M,5,Left,1,0.11,0.21,27.6459754
PC3875,PL,21,103,0.9586296,M,5,Left,1,0.15,0.23,33.111342
PC3876,PL,18.8,74,0.7692542,F,5,Left,1,0.11,0.08,53.9726266
PC3885,PL,19.1,72,0.8528283,M,5,Left,1,0.1,0.13,37.568592
PC3896,PI,32.8,420,1.5156805,M,7,Left,1,0.26,0.4,33.0238676
PC3898,PI,45.6,1246,2.02753,M,10,Left,1,0.43,0.38,48.5322946
PC3900,PI,42.3,1091,1.6069573,F,8,Left,1,0.4,0.34,49.6354634
PC3901,PI,32.6,396,1.4128628,M,8,Left,1,0.37,0.39,43.4925642
PC3903,SB,17,56.35,0.6346327,F,,Left,1,0.13,0.24,28.4429286
PC3904,SB,12.9,28.22,0.4516642,F,,Left,1,0.13,0.11,49.7636417
PC3905,SB,14.9,30.98,0.6168322,F,,Left,1,0.25,0.17,55.7842979
PC3906,SB,13.7,28,0.5517737,F,,Left,1,0.19,0.14,53.6156482
PC3907,SB,15,33.2,0.542951,F,,Left,1,0.18,0.1,60.9453959
PC3908,SB,15.2,35.16,0.6542346,F,,Left,1,0.26,0.13,63.4349488
PC3909,SB,13.5,22.81,0.5668606,M,,Left,1,0.15,0.15,45
PC3910,SB,13,24.5,0.6118178,M,,Left,1,0.17,0.19,41.8201699
PC3912,SB,16.2,41.6,0.7224972,F,,Left,1,0.23,0.13,60.524111
PC3913,SB,12.9,24.26,0.5436717,M,,Left,1,0.21,0.17,51.009006
PC3914,SB,15.9,45.37,0.703114,F,,Left,1,0.21,0.15,54.4623222
PC3915,SB,13.7,26.47,0.6255865,M,,Left,1,0.16,0.13,50.9061411
PC3916,SB,13.9,27.19,0.5047694,M,,Left,1,0.22,0.17,52.3057595
PC3917,SB,14.7,35.24,0.6151123,M,,Left,1,0.22,0.13,59.4207731
PC3918,SB,14.8,35.5,0.6437018,M,,Left,1,0.23,0.12,62.4471884
PC3919,SB,14.5,31.49,0.6159936,F,,Left,1,0.19,0.13,55.6196553
PC3921,SB,11.2,16,0.1868123,F,,Left,1,0.13,0.13,45
PC3922,SB,14.8,21.2,0.5529679,M,,Left,1,0.21,0.11,62.3540246
PC3923,SB,13.9,27.7,0.6413723,M,,Left,1,0.1,0.16,32.0053832
PC3924,SB,13.6,26.44,0.5046917,M,,Left,1,0.22,0.17,52.3057595
PC3925,SB,14.8,31.05,0.4958832,F,,Left,1,0.18,0.13,54.1623471
PC3926,SB,13.7,25.66,0.5866406,M,,Left,1,0.21,0.21,45
PC3927,SB,13.3,28.1,0.5107096,M,,Left,1,0.26,0.22,49.7636417
PC3929,SB,13.3,26.92,0.5551984,M,,Left,1,0.26,0.19,53.8418146
PC3931,SB,11.8,16.33,0.3344535,F,,Left,1,0.14,0.11,51.8427734
PC3934,SB,11.1,14.32,0.2181833,M,,Left,1,0.14,0.1,54.4623222
PC3935,SB,10.4,11.87,0.1303157,M,,Left,1,0.17,0.1,59.5344551
PC4200,PL,12.3,22.18,0.4566677,M,,Left,1,0.07,0.13,28.3007558
PC4201,PL,14,29.18,0.636036,M,,Left,1,0.1,0.15,33.6900675
PC4202,PL,13.7,31.74,0.5689762,M,,Left,1,0.07,0.15,25.0168935
PC4203,PL,15,38.61,0.7029269,M,,Left,1,0.06,0.17,19.4400348
PC4204,PL,13.4,26.01,0.5801471,M,,Left,1,0.14,0.13,47.1210964
PC4205,PL,13.6,29.49,0.5518292,M,,Left,1,0.03,0.12,14.0362435
PC4206,PL,13.3,25.06,0.4802286,M,,Left,1,0.07,0.14,26.5650512
PC4208,PL,14.7,37.35,0.6539983,M,,Left,1,0.09,0.16,29.3577535
PC4210,PL,17,52.56,0.729533,M,,Left,1,0.11,0.15,36.2538377
PC4211,PL,15.6,39.25,0.5924699,M,,Left,1,0.07,0.16,23.6293777
PC4212,PL,13.4,25.34,0.5594861,M,,Left,1,0.08,0.12,33.6900675
PC4213,PL,14.4,33.98,0.5186075,M,,Left,1,0.07,0.16,23.6293777
PC4214,PL,12,20.83,0.4061405,M,,Left,1,0.09,0.12,36.8698977
PC4216,PL,16.1,48.79,0.7072824,M,,Left,1,0.11,0.15,36.2538377
PC4217,PL,15.2,42.11,0.6077942,M,,Left,1,0.07,0.15,25.0168935
PC4218,PL,17.5,61.78,0.7672126,M,,Left,1,0.02,0.18,6.3401917
PC4219,SB,10.5,20.71,0.4251876,M,,Left,1,0.17,0.04,76.7594801
PC4220,SB,14.2,21.42,0.6014619,M,,Left,1,0.19,0.14,53.6156482
PC4221,SB,20.8,102.75,0.9806895,F,,Left,1,0.25,0.23,47.385944
PC4222,SB,14.1,32.86,0.7337661,M,,Left,1,0.28,0.26,47.1210964
PC4223,SB,14.3,31.8,0.4826848,F,,Left,1,0.18,0.14,52.1250164
PC4225,SB,16,44.77,0.5374071,F,,Left,1,0.21,0.11,62.3540246
PC4226,SB,11.9,14.48,0.3361367,F,,Left,1,0.16,0.11,55.491477
PC4227,SB,13.6,27.99,0.7040514,M,,Left,1,0.18,0.14,52.1250164
PC4228,SB,20.2,103.34,0.9322941,F,,Left,1,0.29,0.21,54.0902769
PC4229,SB,17,71.77,0.7528639,F,,Left,1,0.21,0.14,56.3099325
PC4230,SB,14.2,32.22,0.5756849,F,,Left,1,0.19,0.18,46.5481577
PC4232,SB,24.2,147.58,1.0602409,F,,Left,1,0.25,0.22,48.6522228
PC4237,PI,43.2,980,1.7342305,F,,Left,1,0.4,0.49,39.2256741
PC4238,PI,50,1795,2.1919838,M,,Left,1,0.77,0.87,41.5106751
PC4239,LB,43.4,995,1.7650706,M,,Left,1,0.49,0.63,37.8749837
PC4240,PI,41,780,1.6444442,F,,Left,1,0.54,0.45,50.1944289
PC4241,PI,35.6,490,1.4543679,F,,Left,1,0.09,0.48,10.6196553
PC4242,PI,33,425,1.6159891,M,,Left,1,0.31,0.34,42.3574547
PC4243,PI,36,565,1.6832638,M,,Left,1,0.61,0.58,46.4441255
PC4245,PI,27.2,245,1.363855,M,,Left,1,0.35,0.22,57.8477049
PC4246,SB,29.7,285,1.2668626,F,,Left,1,0.25,0.19,52.765166
PC4249,PI,47,1150,1.7600206,F,,Left,1,0.57,0.57,45
PC4250,PI,45,905,1.7956688,F,,Left,1,0.48,0.6,38.6598083
PC4251,PI,42.9,945,1.6200988,F,,Left,1,0.43,0.47,42.4551956
PC4252,PI,32.8,430,1.4275362,M,,Left,1,0.36,0.42,40.6012947
PC4253,PI,31,360,1.3084047,F,,Left,1,0.34,0.25,53.6731741
PC4254,PI,31.5,340,1.333377,F,,Left,1,0.19,0.28,34.1596946
PC4255,PI,34.4,375,1.4311301,F,,Left,1,0.39,0.35,48.0940581
PC4256,PI,28.9,265,1.3644274,M,,Left,1,0.38,0.54,35.1341931
PC4257,PI,29.6,265,1.2718684,M,,Left,1,0.17,0.41,22.5205656
PC4258,PI,30,240,1.3159993,F,,Left,1,0.32,0.26,50.9061411
PC4263,PL,26.4,185,1.0768645,F,,Left,1,0.18,0.23,38.0470425
PC4264,PL,22,125,1.0597176,M,,Left,1,0.21,0.14,56.3099325
PC4266,PL,25,160,1.0378989,F,,Left,1,0.15,0.2,36.8698977
PC4267,PL,27.1,200,1.2210298,F,,Left,1,0.29,0.32,42.1844433
PC4268,SB,22,98.33,0.9926104,F,,Left,1,0.29,0.2,55.4077113
PC4269,SB,22.5,113.25,1.061864,M,,Left,1,0.23,0.25,42.614056
PC4270,SB,21.9,111.02,1.0348432,F,,Left,1,0.29,0.2,55.4077113
PC4271,SB,20.2,82.76,0.8076641,F,,Left,1,0.24,0.22,47.4895529
PC4272,SB,19.6,78.88,0.8258154,F,,Left,1,0.33,0.22,56.3099325
PC4273,SB,20.6,100.88,0.9025003,F,,Left,1,0.27,0.22,50.826342
PC4274,SB,19,77.67,0.8481039,F,,Left,1,0.29,0.15,62.6501242
PC4275,SB,18.6,70.99,0.7715224,F,,Left,1,0.32,0.22,55.491477
PC4276,SB,17.8,73.1,0.8058694,F,,Left,1,0.21,0.19,47.8624052
PC4277,SB,18.9,78.02,0.7546978,F,,Left,1,0.26,0.18,55.3048465
PC4278,SB,19.1,84.33,0.8445676,F,,Left,1,0.26,0.15,60.0183606
PC4279,SB,20.5,82.97,1.0346174,M,,Left,1,0.26,0.17,56.8214883
PC4280,SB,19,75.13,0.940296,M,,Left,1,0.27,0.22,50.826342
PC4281,SB,13,19,0.4480576,F,,Left,1,0.11,0.1,47.726311
PC4282,SB,20,80.29,0.9196667,M,,Left,1,0.32,0.23,54.2933086
PC4283,SB,16,44.21,0.6401857,F,,Left,1,0.26,0.12,65.2248594
PC4284,SB,18.5,75.44,0.7976486,F,,Left,1,0.31,0.21,55.8855271
PC4285,SB,17.5,67.88,0.7524852,F,,Left,1,0.25,0.2,51.3401918
PC4287,SB,14,28.88,0.5374793,F,,Left,1,0.16,0.09,60.6422465
PC4288,SB,11.8,23.27,0.388501,F,,Left,1,0.13,0.16,39.0938589
PC4290,SB,13,21.38,0.3818622,F,,Left,1,0.18,0.12,56.3099325
PC4291,SB,12.5,16.71,0.5413425,M,,Left,1,0.18,0.12,56.3099325
PC4292,SB,10.6,12.42,0.2674388,F,,Left,1,0.14,0.08,60.2551187
PC4293,SB,12.4,17.9,0.5206079,M,,Left,1,0.19,0.16,49.8990925
PC4294,SB,12.1,18.33,0.5377838,M,,Left,1,0.14,0.13,47.1210964
PC4295,SB,12.9,26.57,0.510491,M,,Left,1,0.23,0.16,55.1755108
PC4297,SB,11.1,14.46,0.230068,F,,Left,1,0.15,0.09,59.0362435
PC4298,SB,10.9,15.75,0.2927665,F,,Left,1,0.14,0.06,66.8014095
PC4299,SB,11.5,15.88,0.3786319,M,,Left,1,0.18,0.14,52.1250164
PC4300,SB,10.9,13.76,0.3919797,M,,Left,1,0.16,0.15,46.8476103
PC4303,PI,23.7,141.58,1.1227614,M,,Left,1,0.21,0.27,37.8749837
PC4305,LB,37.1,543.07,1.4812446,M,,Left,1,0.52,0.4,52.431408
PC4306,LB,34.2,550,1.3140327,M,,Left,1,0.36,0.3,50.1944289
PC4307,LB,50,1000,1.8277277,M,,Left,1,0.51,0.69,36.4692344
PC4308,LB,50.1,1195,1.8687329,M,,Left,1,0.71,0.48,55.9390912
PC4309,LB,52.1,1420,1.987697,M,,Left,1,0.54,0.63,40.6012947
PC4310,LB,38.8,610,1.627293,M,,Left,1,0.46,0.49,43.1912607
PC4311,LB,44,995,1.6431327,F,,Left,1,0.56,0.51,47.6754267
PC4312,LB,42.6,1080,1.568459,F,,Left,1,0.57,0.51,48.1798301
PC4313,LB,38.2,700,1.595413,M,,Left,1,0.51,0.5,45.5672664
PC4314,LB,45.1,1135,1.6724955,M,,Left,1,0.77,0.42,61.3895403
PC4315,LB,49,1565,1.9344247,M,,Left,1,0.48,0.69,34.8244892
PC4316,LB,49.8,1370,1.9711637,M,,Left,1,0.52,0.57,42.3735944
PC4317,LB,43.8,1030,1.6160668,F,,Left,1,0.56,0.55,45.5161642
PC4318,LB,36.3,545,1.5068619,M,,Left,1,0.56,0.36,57.2647737
PC4319,LB,47.4,1085,1.6879065,F,,Left,1,0.63,0.47,53.2758928
PC4320,LB,32.9,385,1.3119226,M,,Left,1,0.35,0.26,53.3929252
PC4321,LB,30.8,320,1.3107995,M,,Left,1,0.38,0.39,44.2559408
PC4322,LB,41.4,980,1.6615154,M,,Left,1,0.42,0.41,45.6902772
PC4323,LB,41.7,920,1.5235916,F,,Left,1,0.51,0.22,66.6659587
PC4324,LB,44,1040,1.7371992,M,,Left,1,0.69,0.34,63.7680601
PC4325,LB,34,400,1.5379994,M,,Left,1,0.51,0.36,54.782407
PC4326,LB,39.9,780,1.6107263,M,,Left,1,0.63,0.41,56.9441772
PC4327,LB,53,1935,1.9067253,M,,Left,1,0.55,0.49,48.3018657
PC4328,LB,41.2,780,1.791991,M,,Left,1,0.45,0.43,46.3019527
PC4329,LB,35.4,670,1.546863,M,,Left,1,0.45,0.36,51.3401918
PC4330,LB,41.9,925,1.6367833,M,,Left,1,0.57,0.44,52.3343788
PC4331,LB,40.8,800,1.5876506,F,,Left,1,0.46,0.25,61.4768814
PC4332,LB,30.3,330,1.2816562,M,,Left,1,0.41,0.29,54.7275786
PC4333,LB,43,830,1.6951557,M,,Left,1,0.53,0.39,53.6525418
PC4334,LB,44,960,1.5919754,F,,Left,1,0.51,0.4,51.8924231
PC4349,PL,25.2,119.64,0.9769251,F,,Left,1,0.2,0.21,43.602819
PC4350,PL,17.4,38.03,0.5415976,M,,Left,1,0.1,0.18,29.0546041
PC4351,PL,19,54.31,0.7631699,M,,Left,1,0.14,0.19,36.3843518
PC4352,PL,21.2,76.26,0.8073999,F,,Left,1,0.15,0.13,49.0856168
PC4353,PL,17.4,38.43,0.622764,F,,Left,1,0.12,0.12,45
PC4354,PL,21.4,77.76,0.8188653,M,,Left,1,0.05,0.23,12.2647737
PC4355,PL,18,40.49,0.7022678,M,,Left,1,0.05,0.2,14.0362435
PC4356,PL,21.4,74.03,0.8507629,M,,Left,1,0.13,0.2,33.0238676
PC4357,PL,21.8,89.24,0.8423585,F,,Left,1,0.15,0.14,46.974934
PC4358,PL,21,70.3,0.7967478,F,,Left,1,0.16,0.11,55.491477
PC4359,PL,22.4,101.1,0.9494218,F,,Left,1,0.16,0.13,50.9061411
PC4360,PL,23.2,91.75,0.9113611,F,,Left,1,0.13,0.16,39.0938589
PC4361,PL,21.4,80.68,0.8588207,F,,Left,1,0.09,0.13,34.6951535
PC4363,PL,18.2,41.6,0.6655296,F,,Left,1,0.1,0.18,29.0546041
PC4364,PL,20.4,62.64,0.8018161,F,,Left,1,0.16,0.12,53.1301024
PC4365,PL,24,109.96,1.0183329,F,,Left,1,0.15,0.15,45
PC4366,PL,15.8,27.36,0.5192614,M,,Left,1,0.02,0.22,5.1944289
PC4367,PL,19.2,57.5,0.7213126,F,,Left,1,0.09,0.17,27.897271
PC4368,PL,20,55.21,0.683579,F,,Left,1,0.11,0.14,38.1572266
PC4369,PL,18.2,49.95,0.6556324,F,,Left,1,0.1,0.09,48.0127875
PC4372,PI,45.4,1030,1.9370398,M,,Left,1,0.57,0.78,36.1581854
PC4373,LB,37.6,730,1.3370201,F,,Left,1,0.4,0.25,57.9946168
PC4374,PI,37.6,500,1.452667,F,,Left,1,0.39,0.46,40.2921478
PC4375,LB,52.8,1500,1.7747447,F,,Left,1,0.53,0.35,56.5601308
PC4376,LB,40.4,765,1.4969956,F,,Left,1,0.37,0.35,46.5911403
PC4377,PI,52.4,1505,1.9358185,M,,Left,1,0.58,0.67,40.8818103
PC4378,PI,41.2,680,1.640413,M,,Left,1,0.32,0.45,35.4170553
PC4379,LB,46.2,1315,1.7602775,M,,Left,1,0.46,0.34,53.5307656
PC4380,PI,46,1255,1.8254595,M,,Left,1,0.48,0.51,43.2642954
PC4381,PI,36,525,1.6926995,M,,Left,1,0.52,0.75,34.7348595
PC4382,PI,44.2,940,1.7479365,M,,Left,1,0.47,0.54,41.0353453
PC4383,PI,34.6,375,1.4297385,M,,Left,1,0.32,0.52,31.6075023
PC4384,PI,43.8,995,1.6748957,F,,Left,1,0.49,0.56,41.1859252
PC4385,PI,36.4,380,1.5198259,M,,Left,1,0.41,0.53,37.724995
PC4386,PI,36.6,435,1.5871455,M,,Left,1,0.34,0.46,36.4692344
PC4387,LB,40.6,750,1.5769722,M,,Left,1,0.41,0.45,42.3369992
PC4388,LB,38,615,1.4050373,M,,Left,1,0.33,0.26,51.7661748
PC4389,PI,42,725,1.8302674,M,,Left,1,0.4,0.69,30.1013046
PC4390,PI,37.8,485,1.5230084,M,,Left,1,0.34,0.63,28.3549618
PC4391,PL,23.6,100,0.9004726,F,,Left,1,0.18,0.15,50.1944289
PC4392,PI,30.2,235,1.3152082,F,,Left,1,0.23,0.32,35.7066914
PC4393,PI,36.7,575,1.5627847,M,,Left,1,0.4,0.38,46.4688007
PC3831,LB,42.5,1061,1.58071,F,8,Right,1,0.39,0.57,34.3803447
PC3839,PI,42.8,1131,1.7564629,M,9,Right,1,0.56,0.63,41.6335393
PC3840,LB,37.1,672,1.4378166,M,7,Right,1,0.31,0.5,31.7989128
PC3841,PI,49.5,1714,1.9217087,M,9,Right,1,0.21,0.85,13.8775298
PC3842,LB,42,1010,1.8412973,M,8,Right,1,0.31,0.56,28.9676607
PC3843,LB,40.7,815,1.8129056,M,9,Right,1,0.37,0.61,31.2392149
PC3844,LB,34.7,504,1.459648,M,7,Right,1,0.33,0.45,36.2538377
PC3845,PI,46.9,1455,2.0275085,M,11,Right,1,0.45,0.5,41.9872125
PC3846,PI,43,990,1.7665138,M,9,Right,1,0.36,0.7,27.2161116
PC3847,PI,36.7,655,1.5849015,M,8,Right,1,0.46,0.41,48.2892427
PC3848,PI,41.2,1001,1.7885364,M,9,Right,1,0.47,0.74,32.4210648
PC3849,LB,33.8,362,1.5337752,F,7,Right,1,0.42,0.55,37.3666694
PC3851,PL,22.3,130,1.0937171,M,9,Right,1,0.21,0.21,45
PC3855,PL,19.4,74,0.8475624,M,5,Right,1,0.1,0.21,25.4633451
PC3859,PL,14.8,36,0.5783102,M,5,Right,1,0.07,0.15,25.0168935
PC3863,PL,14,33,0.5643297,M,4,Right,1,0.09,0.15,30.9637565
PC3864,PI,45,1078,1.8850439,M,9,Right,1,0.26,0.41,32.3806777
PC3865,PI,24.5,162,1.1188713,M,7,Right,1,0.08,0.29,15.4221613
PC3867,LB,24.5,145,1.0379227,F,NA,Right,1,0.28,0.25,48.2397003
PC3868,LB,34.2,430,1.0363248,F,6,Right,1,0.27,0.18,56.3099325
PC3870,PL,20.5,81,0.8542629,F,7,Right,1,0.07,0.21,18.4349488
PC3873,PL,18.5,65,0.8136642,M,5,Right,1,0.08,0.16,26.5650512
PC3875,PL,21,103,0.9586296,M,5,Right,1,0.11,0.22,26.5650512
PC3876,PL,18.8,74,0.7692542,F,5,Right,1,0.11,0.1,47.726311
PC3885,PL,19.1,72,0.8528283,M,5,Right,1,0.08,0.13,31.6075023
PC3896,PI,32.8,420,1.5156805,M,7,Right,1,0.23,0.35,33.3106308
PC3898,PI,45.6,1246,2.02753,M,10,Right,1,0.64,0.55,49.3250604
PC3900,PI,42.3,1091,1.6069573,F,8,Right,1,0.52,0.47,47.8912696
PC3901,PI,32.6,396,1.4128628,M,8,Right,1,0.39,0.35,48.0940581
PC3903,SB,17,56.35,0.6346327,F,,Right,1,0.1,0.24,22.619865
PC3904,SB,12.9,28.22,0.4516642,F,,Right,1,0.15,0.05,71.5650512
PC3905,SB,14.9,30.98,0.6168322,F,,Right,1,0.18,0.15,50.1944289
PC3906,SB,13.7,28,0.5517737,F,,Right,1,0.19,0.14,53.6156482
PC3907,SB,15,33.2,0.542951,F,,Right,1,0.2,0.13,56.9761324
PC3908,SB,15.2,35.16,0.6542346,F,,Right,1,0.17,0.08,64.7988764
PC3909,SB,13.5,22.81,0.5668606,M,,Right,1,0.2,0.19,46.4688007
PC3910,SB,13,24.5,0.6118178,M,,Right,1,0.16,0.21,37.3039483
PC3912,SB,16.2,41.6,0.7224972,F,,Right,1,0.23,0.19,50.440332
PC3913,SB,12.9,24.26,0.5436717,M,,Right,1,0.2,0.18,48.0127875
PC3914,SB,15.9,45.37,0.703114,F,,Right,1,0.19,0.18,46.5481577
PC3915,SB,13.7,26.47,0.6255865,M,,Right,1,0.19,0.14,53.6156482
PC3916,SB,13.9,27.19,0.5047694,M,,Right,1,0.16,0.12,53.1301024
PC3917,SB,14.7,35.24,0.6151123,M,,Right,1,0.2,0.21,43.602819
PC3918,SB,14.8,35.5,0.6437018,M,,Right,1,0.19,0.13,55.6196553
PC3919,SB,14.5,31.49,0.6159936,F,,Right,1,0.19,0.09,64.6538241
PC3921,SB,11.2,16,0.1868123,F,,Right,1,0.22,0.14,57.5288077
PC3922,SB,14.8,21.2,0.5529679,M,,Right,1,0.16,0.11,55.491477
PC3923,SB,13.9,27.7,0.6413723,M,,Right,1,0.15,0.15,45
PC3924,SB,13.6,26.44,0.5046917,M,,Right,1,0.14,0.09,57.2647737
PC3925,SB,14.8,31.05,0.4958832,F,,Right,1,0.19,0.15,51.7098368
PC3926,SB,13.7,25.66,0.5866406,M,,Right,1,0.23,0.2,48.9909131
PC3927,SB,13.3,28.1,0.5107096,M,,Right,1,0.21,0.14,56.3099325
PC3929,SB,13.3,26.92,0.5551984,M,,Right,1,0.19,0.2,43.5311993
PC3931,SB,11.8,16.33,0.3344535,F,,Right,1,0.13,0.05,68.962489
PC3934,SB,11.1,14.32,0.2181833,M,,Right,1,0.15,0.11,53.7461623
PC3935,SB,10.4,11.87,0.1303157,M,,Right,1,0.11,0.11,45
PC4200,PL,12.3,22.18,0.4566677,M,,Right,1,0.05,0.12,22.619865
PC4201,PL,14,29.18,0.636036,M,,Right,1,0.1,0.12,39.8055711
PC4202,PL,13.7,31.74,0.5689762,M,,Right,1,0.03,0.14,12.0947571
PC4203,PL,15,38.61,0.7029269,M,,Right,1,0.07,0.16,23.6293777
PC4204,PL,13.4,26.01,0.5801471,M,,Right,1,0.11,0.12,42.5104471
PC4205,PL,13.6,29.49,0.5518292,M,,Right,1,0.07,0.11,32.4711923
PC4206,PL,13.3,25.06,0.4802286,M,,Right,1,0.08,0.14,29.7448813
PC4208,PL,14.7,37.35,0.6539983,M,,Right,1,0.09,0.14,32.7352263
PC4210,PL,17,52.56,0.729533,M,,Right,1,0.12,0.19,32.2756443
PC4211,PL,15.6,39.25,0.5924699,M,,Right,1,0.03,0.22,7.765166
PC4212,PL,13.4,25.34,0.5594861,M,,Right,1,0.09,0.14,32.7352263
PC4213,PL,14.4,33.98,0.5186075,M,,Right,1,0.06,0.13,24.7751406
PC4214,PL,12,20.83,0.4061405,M,,Right,1,0.07,0.14,26.5650512
PC4216,PL,16.1,48.79,0.7072824,M,,Right,1,0.13,0.12,47.29061
PC4217,PL,15.2,42.11,0.6077942,M,,Right,1,0.06,0.08,36.8698977
PC4218,PL,17.5,61.78,0.7672126,M,,Right,1,0.05,0.15,18.4349488
PC4219,SB,10.5,20.71,0.4251876,M,,Right,1,0.18,0.16,48.3664607
PC4220,SB,14.2,21.42,0.6014619,M,,Right,1,0.17,0.17,45
PC4221,SB,20.8,102.75,0.9806895,F,,Right,1,0.18,0.2,41.9872125
PC4222,SB,14.1,32.86,0.7337661,M,,Right,1,0.23,0.24,43.7811248
PC4223,SB,14.3,31.8,0.4826848,F,,Right,1,0.22,0.18,50.7105931
PC4225,SB,16,44.77,0.5374071,F,,Right,1,0.23,0.21,47.6025622
PC4226,SB,11.9,14.48,0.3361367,F,,Right,1,0.18,0.15,50.1944289
PC4227,SB,13.6,27.99,0.7040514,M,,Right,1,0.2,0.19,46.4688007
PC4228,SB,20.2,103.34,0.9322941,F,,Right,1,0.27,0.13,64.2900462
PC4229,SB,17,71.77,0.7528639,F,,Right,1,0.19,0.19,45
PC4230,SB,14.2,32.22,0.5756849,F,,Right,1,0.19,0.22,40.8150839
PC4232,SB,24.2,147.58,1.0602409,F,,Right,1,0.35,0.18,62.7838884
PC4237,PI,43.2,980,1.7342305,F,,Right,1,0.38,0.47,38.9559078
PC4238,PI,50,1795,2.1919838,M,,Right,1,0.66,0.93,35.3624619
PC4239,LB,43.4,995,1.7650706,M,,Right,1,0.31,0.54,29.8590162
PC4240,PI,41,780,1.6444442,F,,Right,1,0.55,0.59,42.9904462
PC4241,PI,35.6,490,1.4543679,F,,Right,1,0.32,0.48,33.6900675
PC4242,PI,33,425,1.6159891,M,,Right,1,0.34,0.33,45.8550974
PC4243,PI,36,565,1.6832638,M,,Right,1,0.59,0.66,41.7947841
PC4245,PI,27.2,245,1.363855,M,,Right,1,0.33,0.3,47.726311
PC4246,SB,29.7,285,1.2668626,F,,Right,1,0.24,0.28,40.6012947
PC4249,PI,47,1150,1.7600206,F,,Right,1,0.57,0.51,48.1798301
PC4250,PI,45,905,1.7956688,F,,Right,1,0.45,0.54,39.8055711
PC4251,PI,42.9,945,1.6200988,F,,Right,1,0.47,0.64,36.2926297
PC4252,PI,32.8,430,1.4275362,M,,Right,1,0.22,0.52,22.9321004
PC4253,PI,31,360,1.3084047,F,,Right,1,0.27,0.35,37.6476206
PC4254,PI,31.5,340,1.333377,F,,Right,1,0.27,0.3,41.9872125
PC4255,PI,34.4,375,1.4311301,F,,Right,1,0.41,0.27,56.633634
PC4256,PI,28.9,265,1.3644274,M,,Right,1,0.33,0.39,40.2363583
PC4257,PI,29.6,265,1.2718684,M,,Right,1,0.23,0.39,30.5297059
PC4258,PI,30,240,1.3159993,F,,Right,1,0.31,0.29,46.9091524
PC4263,PL,26.4,185,1.0768645,F,,Right,1,0.18,0.13,54.1623471
PC4264,PL,22,125,1.0597176,M,,Right,1,0.11,0.22,26.5650512
PC4266,PL,25,160,1.0378989,F,,Right,1,0.2,0.22,42.273689
PC4267,PL,27.1,200,1.2210298,F,,Right,1,0.25,0.21,49.9697407
PC4268,SB,22,98.33,0.9926104,F,,Right,1,0.3,0.22,53.7461623
PC4269,SB,22.5,113.25,1.061864,M,,Right,1,0.21,0.32,33.274888
PC4270,SB,21.9,111.02,1.0348432,F,,Right,1,0.25,0.3,39.8055711
PC4271,SB,20.2,82.76,0.8076641,F,,Right,1,0.22,0.19,49.1849161
PC4272,SB,19.6,78.88,0.8258154,F,,Right,1,0.28,0.19,55.8403055
PC4273,SB,20.6,100.88,0.9025003,F,,Right,1,0.23,0.21,47.6025622
PC4274,SB,19,77.67,0.8481039,F,,Right,1,0.27,0.14,62.5924246
PC4275,SB,18.6,70.99,0.7715224,F,,Right,1,0.27,0.21,52.1250164
PC4276,SB,17.8,73.1,0.8058694,F,,Right,1,0.21,0.15,54.4623222
PC4277,SB,18.9,78.02,0.7546978,F,,Right,1,0.23,0.16,55.1755108
PC4278,SB,19.1,84.33,0.8445676,F,,Right,1,0.26,0.22,49.7636417
PC4279,SB,20.5,82.97,1.0346174,M,,Right,1,0.23,0.23,45
PC4280,SB,19,75.13,0.940296,M,,Right,1,0.26,0.27,43.9190758
PC4281,SB,13,19,0.4480576,F,,Right,1,0.11,0.13,40.2363583
PC4282,SB,20,80.29,0.9196667,M,,Right,1,0.3,0.2,56.3099325
PC4283,SB,16,44.21,0.6401857,F,,Right,1,0.24,0.19,51.6325146
PC4284,SB,18.5,75.44,0.7976486,F,,Right,1,0.24,0.16,56.3099325
PC4285,SB,17.5,67.88,0.7524852,F,,Right,1,0.24,0.24,45
PC4287,SB,14,28.88,0.5374793,F,,Right,1,0.14,0.12,49.3987054
PC4288,SB,11.8,23.27,0.388501,F,,Right,1,0.12,0.11,47.4895529
PC4290,SB,13,21.38,0.3818622,F,,Right,1,0.16,0.09,60.6422465
PC4291,SB,12.5,16.71,0.5413425,M,,Right,1,0.16,0.14,48.8140748
PC4292,SB,10.6,12.42,0.2674388,F,,Right,1,0.15,0.14,46.974934
PC4293,SB,12.4,17.9,0.5206079,M,,Right,1,0.15,0.18,39.8055711
PC4294,SB,12.1,18.33,0.5377838,M,,Right,1,0.17,0.21,38.990994
PC4295,SB,12.9,26.57,0.510491,M,,Right,1,0.16,0.17,43.2642954
PC4297,SB,11.1,14.46,0.230068,F,,Right,1,0.13,0.15,40.9143832
PC4298,SB,10.9,15.75,0.2927665,F,,Right,1,0.15,0.1,56.3099325
PC4299,SB,11.5,15.88,0.3786319,M,,Right,1,0.17,0.16,46.7357046
PC4300,SB,10.9,13.76,0.3919797,M,,Right,1,0.17,0.15,48.5763344
PC4303,PI,23.7,141.58,1.1227614,M,,Right,1,0.32,0.27,49.8440004
PC4305,LB,37.1,543.07,1.4812446,M,,Right,1,0.44,0.35,51.4993463
PC4306,LB,34.2,550,1.3140327,M,,Right,1,0.4,0.36,48.0127875
PC4307,LB,50,1000,1.8277277,M,,Right,1,0.47,0.67,35.0493733
PC4308,LB,50.1,1195,1.8687329,M,,Right,1,0.6,0.66,42.273689
PC4309,LB,52.1,1420,1.987697,M,,Right,1,0.5,0.63,38.4373015
PC4310,LB,38.8,610,1.627293,M,,Right,1,0.58,0.56,46.005086
PC4311,LB,44,995,1.6431327,F,,Right,1,0.62,0.5,51.1155036
PC4312,LB,42.6,1080,1.568459,F,,Right,1,0.55,0.62,41.5761288
PC4313,LB,38.2,700,1.595413,M,,Right,1,0.4,0.36,48.0127875
PC4314,LB,45.1,1135,1.6724955,M,,Right,1,0.73,0.61,50.1173149
PC4315,LB,49,1565,1.9344247,M,,Right,1,0.51,0.73,34.9393102
PC4316,LB,49.8,1370,1.9711637,M,,Right,1,0.47,0.75,32.0740009
PC4317,LB,43.8,1030,1.6160668,F,,Right,1,0.48,0.39,50.9061411
PC4318,LB,36.3,545,1.5068619,M,,Right,1,0.48,0.42,48.8140748
PC4319,LB,47.4,1085,1.6879065,F,,Right,1,0.53,0.38,54.3601908
PC4320,LB,32.9,385,1.3119226,M,,Right,1,0.36,0.41,41.2847109
PC4321,LB,30.8,320,1.3107995,M,,Right,1,0.4,0.46,41.0090869
PC4322,LB,41.4,980,1.6615154,M,,Right,1,0.47,0.3,57.4499965
PC4323,LB,41.7,920,1.5235916,F,,Right,1,0.44,0.22,63.4349488
PC4324,LB,44,1040,1.7371992,M,,Right,1,0.67,0.51,52.7218258
PC4325,LB,34,400,1.5379994,M,,Right,1,0.51,0.4,51.8924231
PC4326,LB,39.9,780,1.6107263,M,,Right,1,0.54,0.5,47.2025982
PC4327,LB,53,1935,1.9067253,M,,Right,1,0.65,0.7,42.8789036
PC4328,LB,41.2,780,1.791991,M,,Right,1,0.46,0.42,47.6025622
PC4329,LB,35.4,670,1.546863,M,,Right,1,0.5,0.35,55.0079798
PC4330,LB,41.9,925,1.6367833,M,,Right,1,0.44,0.33,53.1301024
PC4331,LB,40.8,800,1.5876506,F,,Right,1,0.45,0.4,48.3664607
PC4332,LB,30.3,330,1.2816562,M,,Right,1,0.36,0.3,50.1944289
PC4333,LB,43,830,1.6951557,M,,Right,1,0.59,0.45,52.6668043
PC4334,LB,44,960,1.5919754,F,,Right,1,0.58,0.54,47.0454085
PC4349,PL,25.2,119.64,0.9769251,F,,Right,1,0.15,0.3,26.5650512
PC4350,PL,17.4,38.03,0.5415976,M,,Right,1,0.11,0.17,32.9052429
PC4351,PL,19,54.31,0.7631699,M,,Right,1,0.07,0.2,19.2900462
PC4352,PL,21.2,76.26,0.8073999,F,,Right,1,0.1,0.13,37.568592
PC4353,PL,17.4,38.43,0.622764,F,,Right,1,0.09,0.15,30.9637565
PC4354,PL,21.4,77.76,0.8188653,M,,Right,1,0.1,0.25,21.8014095
PC4355,PL,18,40.49,0.7022678,M,,Right,1,0.06,0.15,21.8014095
PC4356,PL,21.4,74.03,0.8507629,M,,Right,1,0.08,0.18,23.962489
PC4357,PL,21.8,89.24,0.8423585,F,,Right,1,0.15,0.14,46.974934
PC4358,PL,21,70.3,0.7967478,F,,Right,1,0.14,0.16,41.1859252
PC4359,PL,22.4,101.1,0.9494218,F,,Right,1,0.17,0.23,36.4692344
PC4360,PL,23.2,91.75,0.9113611,F,,Right,1,0.2,0.1,63.4349488
PC4361,PL,21.4,80.68,0.8588207,F,,Right,1,0.16,0.17,43.2642954
PC4363,PL,18.2,41.6,0.6655296,F,,Right,1,0.13,0.17,37.4053566
PC4364,PL,20.4,62.64,0.8018161,F,,Right,1,0.11,0.12,42.5104471
PC4365,PL,24,109.96,1.0183329,F,,Right,1,0.11,0.2,28.8107937
PC4366,PL,15.8,27.36,0.5192614,M,,Right,1,0.04,0.22,10.3048465
PC4367,PL,19.2,57.5,0.7213126,F,,Right,1,0.15,0.16,43.1523897
PC4368,PL,20,55.21,0.683579,F,,Right,1,0.12,0.14,40.6012947
PC4369,PL,18.2,49.95,0.6556324,F,,Right,1,0.1,0.06,59.0362435
PC4372,PI,45.4,1030,1.9370398,M,,Right,1,0.58,0.9,32.7995313
PC4373,LB,37.6,730,1.3370201,F,,Right,1,0.31,0.25,51.1155036
PC4374,PI,37.6,500,1.452667,F,,Right,1,0.33,0.44,36.8698977
PC4375,LB,52.8,1500,1.7747447,F,,Right,1,0.53,0.55,43.9390883
PC4376,LB,40.4,765,1.4969956,F,,Right,1,0.33,0.36,42.5104471
PC4377,PI,52.4,1505,1.9358185,M,,Right,1,0.57,0.57,45
PC4378,PI,41.2,680,1.640413,M,,Right,1,0.34,0.5,34.2157021
PC4379,LB,46.2,1315,1.7602775,M,,Right,1,0.57,0.4,54.940573
PC4380,PI,46,1255,1.8254595,M,,Right,1,0.38,0.38,45
PC4381,PI,36,525,1.6926995,M,,Right,1,0.49,0.46,46.8087393
PC4382,PI,44.2,940,1.7479365,M,,Right,1,0.53,0.71,36.740562
PC4383,PI,34.6,375,1.4297385,M,,Right,1,0.39,0.49,38.5169263
PC4384,PI,43.8,995,1.6748957,F,,Right,1,0.42,0.45,43.025066
PC4385,PI,36.4,380,1.5198259,M,,Right,1,0.35,0.59,30.67728
PC4386,PI,36.6,435,1.5871455,M,,Right,1,0.34,0.42,38.990994
PC4387,LB,40.6,750,1.5769722,M,,Right,1,0.41,0.35,49.5139885
PC4388,LB,38,615,1.4050373,M,,Right,1,0.39,0.46,40.2921478
PC4389,PI,42,725,1.8302674,M,,Right,1,0.45,0.65,34.6951535
PC4390,PI,37.8,485,1.5230084,M,,Right,1,0.34,0.68,26.5650512
PC4391,PL,23.6,100,0.9004726,F,,Right,1,0.11,0.14,38.1572266
PC4392,PI,30.2,235,1.3152082,F,,Right,1,0.37,0.43,40.7108467
PC4393,PI,36.7,575,1.5627847,M,,Right,1,0.44,0.41,47.0213649
PC3831,LB,42.5,1061,1.58071,F,8,Left,5,0.41,0.37,47.9356735
PC3839,PI,42.8,1131,1.7564629,M,9,Left,5,0.53,0.58,42.4208525
PC3840,LB,37.1,672,1.4378166,M,7,Left,5,0.34,0.37,42.5804908
PC3841,PI,49.5,1714,1.9217087,M,9,Left,5,0.67,0.71,43.3397176
PC3842,LB,42,1010,1.8412973,M,8,Left,5,0.56,0.55,45.5161642
PC3843,LB,40.7,815,1.8129056,M,9,Left,5,0.49,0.62,38.3201139
PC3844,LB,34.7,504,1.459648,M,7,Left,5,0.32,0.39,39.3693172
PC3845,PI,46.9,1455,2.0275085,M,11,Left,5,0.59,0.59,45
PC3846,PI,43,990,1.7665138,M,9,Left,5,0.52,0.54,43.9190758
PC3847,PI,36.7,655,1.5849015,M,8,Left,5,0.46,0.44,46.27303
PC3848,PI,41.2,1001,1.7885364,M,9,Left,5,0.49,0.55,41.6981343
PC3849,LB,33.8,362,1.5337752,F,7,Left,5,0.5,0.49,45.5787256
PC3851,PL,22.3,130,1.0937171,M,9,Left,5,0.27,0.29,42.9545915
PC3855,PL,19.4,74,0.8475624,M,5,Left,5,0.07,0.18,21.2505055
PC3859,PL,14.8,36,0.5783102,M,5,Left,5,0.07,0.12,30.2564372
PC3863,PL,14,33,0.5643297,M,4,Left,5,0.06,0.12,26.5650512
PC3864,PI,45,1078,1.8850439,M,9,Left,5,0.29,0.49,30.6186054
PC3865,PI,24.5,162,1.1188713,M,7,Left,5,0.15,0.22,34.286877
PC3867,LB,24.5,145,1.0379227,F,NA,Left,5,0.22,0.18,50.7105931
PC3868,LB,34.2,430,1.0363248,F,6,Left,5,0.28,0.27,46.0416267
PC3870,PL,20.5,81,0.8542629,F,7,Left,5,0.11,0.16,34.508523
PC3873,PL,18.5,65,0.8136642,M,5,Left,5,0.07,0.15,25.0168935
PC3875,PL,21,103,0.9586296,M,5,Left,5,0.14,0.21,33.6900675
PC3876,PL,18.8,74,0.7692542,F,5,Left,5,0.09,0.1,41.9872125
PC3885,PL,19.1,72,0.8528283,M,5,Left,5,0.09,0.16,29.3577535
PC3896,PI,32.8,420,1.5156805,M,7,Left,5,0.25,0.45,29.0546041
PC3898,PI,45.6,1246,2.02753,M,10,Left,5,0.47,0.54,41.0353453
PC3900,PI,42.3,1091,1.6069573,F,8,Left,5,0.37,0.29,51.9112271
PC3901,PI,32.6,396,1.4128628,M,8,Left,5,0.45,0.23,62.9279198
PC3903,SB,17,56.35,0.6346327,F,,Left,5,0.2,0.16,51.3401918
PC3904,SB,12.9,28.22,0.4516642,F,,Left,5,0.15,0.09,59.0362435
PC3905,SB,14.9,30.98,0.6168322,F,,Left,5,0.12,0.14,40.6012947
PC3906,SB,13.7,28,0.5517737,F,,Left,5,0.16,0.1,57.9946168
PC3907,SB,15,33.2,0.542951,F,,Left,5,0.15,0.14,46.974934
PC3908,SB,15.2,35.16,0.6542346,F,,Left,5,0.15,0.13,49.0856168
PC3909,SB,13.5,22.81,0.5668606,M,,Left,5,0.15,0.16,43.1523897
PC3910,SB,13,24.5,0.6118178,M,,Left,5,0.15,0.26,29.9816394
PC3912,SB,16.2,41.6,0.7224972,F,,Left,5,0.22,0.2,47.726311
PC3913,SB,12.9,24.26,0.5436717,M,,Left,5,0.18,0.22,39.2894069
PC3914,SB,15.9,45.37,0.703114,F,,Left,5,0.18,0.15,50.1944289
PC3915,SB,13.7,26.47,0.6255865,M,,Left,5,0.17,0.15,48.5763344
PC3916,SB,13.9,27.19,0.5047694,M,,Left,5,0.22,0.23,43.72697
PC3917,SB,14.7,35.24,0.6151123,M,,Left,5,0.22,0.19,49.1849161
PC3918,SB,14.8,35.5,0.6437018,M,,Left,5,0.21,0.18,49.3987054
PC3919,SB,14.5,31.49,0.6159936,F,,Left,5,0.17,0.13,52.5946434
PC3921,SB,11.2,16,0.1868123,F,,Left,5,0.1,0.1,45
PC3922,SB,14.8,21.2,0.5529679,M,,Left,5,0.19,0.18,46.5481577
PC3923,SB,13.9,27.7,0.6413723,M,,Left,5,0.21,0.1,64.5366549
PC3924,SB,13.6,26.44,0.5046917,M,,Left,5,0.14,0.15,43.025066
PC3925,SB,14.8,31.05,0.4958832,F,,Left,5,0.21,0.18,49.3987054
PC3926,SB,13.7,25.66,0.5866406,M,,Left,5,0.19,0.16,49.8990925
PC3927,SB,13.3,28.1,0.5107096,M,,Left,5,0.16,0.15,46.8476103
PC3929,SB,13.3,26.92,0.5551984,M,,Left,5,0.22,0.19,49.1849161
PC3931,SB,11.8,16.33,0.3344535,F,,Left,5,0.13,0.13,45
PC3934,SB,11.1,14.32,0.2181833,M,,Left,5,0.13,0.09,55.3048465
PC3935,SB,10.4,11.87,0.1303157,M,,Left,5,0.11,0.14,38.1572266
PC4200,PL,12.3,22.18,0.4566677,M,,Left,5,0.03,0.08,20.5560452
PC4201,PL,14,29.18,0.636036,M,,Left,5,0.14,0.13,47.1210964
PC4202,PL,13.7,31.74,0.5689762,M,,Left,5,0.09,0.12,36.8698977
PC4203,PL,15,38.61,0.7029269,M,,Left,5,0.08,0.15,28.0724869
PC4204,PL,13.4,26.01,0.5801471,M,,Left,5,0.1,0.12,39.8055711
PC4205,PL,13.6,29.49,0.5518292,M,,Left,5,0.06,0.13,24.7751406
PC4206,PL,13.3,25.06,0.4802286,M,,Left,5,0.06,0.17,19.4400348
PC4208,PL,14.7,37.35,0.6539983,M,,Left,5,0.08,0.19,22.8336542
PC4210,PL,17,52.56,0.729533,M,,Left,5,0.08,0.17,25.2011237
PC4211,PL,15.6,39.25,0.5924699,M,,Left,5,0.1,0.16,32.0053832
PC4212,PL,13.4,25.34,0.5594861,M,,Left,5,0.09,0.14,32.7352263
PC4213,PL,14.4,33.98,0.5186075,M,,Left,5,0.07,0.17,22.3801351
PC4214,PL,12,20.83,0.4061405,M,,Left,5,0.08,0.12,33.6900675
PC4216,PL,16.1,48.79,0.7072824,M,,Left,5,0.1,0.18,29.0546041
PC4217,PL,15.2,42.11,0.6077942,M,,Left,5,0.1,0.14,35.5376778
PC4218,PL,17.5,61.78,0.7672126,M,,Left,5,0.07,0.18,21.2505055
PC4219,SB,10.5,20.71,0.4251876,M,,Left,5,0.16,0.18,41.6335393
PC4220,SB,14.2,21.42,0.6014619,M,,Left,5,0.19,0.14,53.6156482
PC4221,SB,20.8,102.75,0.9806895,F,,Left,5,0.17,0.2,40.3645366
PC4222,SB,14.1,32.86,0.7337661,M,,Left,5,0.2,0.18,48.0127875
PC4223,SB,14.3,31.8,0.4826848,F,,Left,5,0.2,0.11,61.1892063
PC4225,SB,16,44.77,0.5374071,F,,Left,5,0.2,0.14,55.0079798
PC4226,SB,11.9,14.48,0.3361367,F,,Left,5,0.18,0.11,58.5704344
PC4227,SB,13.6,27.99,0.7040514,M,,Left,5,0.14,0.16,41.1859252
PC4228,SB,20.2,103.34,0.9322941,F,,Left,5,0.32,0.21,56.725112
PC4229,SB,17,71.77,0.7528639,F,,Left,5,0.17,0.14,50.5275402
PC4230,SB,14.2,32.22,0.5756849,F,,Left,5,0.16,0.16,45
PC4232,SB,24.2,147.58,1.0602409,F,,Left,5,0.26,0.25,46.1233027
PC4237,PI,43.2,980,1.7342305,F,,Left,5,0.53,0.41,52.275005
PC4238,PI,50,1795,2.1919838,M,,Left,5,0.82,0.85,43.9708452
PC4239,LB,43.4,995,1.7650706,M,,Left,5,0.52,0.51,45.5562522
PC4240,PI,41,780,1.6444442,F,,Left,5,0.57,0.5,48.7429883
PC4241,PI,35.6,490,1.4543679,F,,Left,5,0.21,0.41,27.1213034
PC4242,PI,33,425,1.6159891,M,,Left,5,0.33,0.49,33.9590598
PC4243,PI,36,565,1.6832638,M,,Left,5,0.67,0.66,45.4307872
PC4245,PI,27.2,245,1.363855,M,,Left,5,0.34,0.21,58.2985703
PC4246,SB,29.7,285,1.2668626,F,,Left,5,0.37,0.32,49.1446237
PC4249,PI,47,1150,1.7600206,F,,Left,5,0.57,0.46,51.0958615
PC4250,PI,45,905,1.7956688,F,,Left,5,0.55,0.55,45
PC4251,PI,42.9,945,1.6200988,F,,Left,5,0.48,0.51,43.2642954
PC4252,PI,32.8,430,1.4275362,M,,Left,5,0.35,0.4,41.1859252
PC4253,PI,31,360,1.3084047,F,,Left,5,0.29,0.22,52.8152936
PC4254,PI,31.5,340,1.333377,F,,Left,5,0.21,0.29,35.9097231
PC4255,PI,34.4,375,1.4311301,F,,Left,5,0.37,0.39,43.4925642
PC4256,PI,28.9,265,1.3644274,M,,Left,5,0.38,0.36,46.5481577
PC4257,PI,29.6,265,1.2718684,M,,Left,5,0.1,0.33,16.8583988
PC4258,PI,30,240,1.3159993,F,,Left,5,0.27,0.33,39.2894069
PC4263,PL,26.4,185,1.0768645,F,,Left,5,0.16,0.23,34.8244892
PC4264,PL,22,125,1.0597176,M,,Left,5,0.21,0.25,40.0302593
PC4266,PL,25,160,1.0378989,F,,Left,5,0.18,0.18,45
PC4267,PL,27.1,200,1.2210298,F,,Left,5,0.27,0.33,39.2894069
PC4268,SB,22,98.33,0.9926104,F,,Left,5,0.29,0.16,61.1134182
PC4269,SB,22.5,113.25,1.061864,M,,Left,5,0.18,0.24,36.8698977
PC4270,SB,21.9,111.02,1.0348432,F,,Left,5,0.27,0.22,50.826342
PC4271,SB,20.2,82.76,0.8076641,F,,Left,5,0.23,0.17,53.5307656
PC4272,SB,19.6,78.88,0.8258154,F,,Left,5,0.26,0.21,51.0724564
PC4273,SB,20.6,100.88,0.9025003,F,,Left,5,0.29,0.16,61.1134182
PC4274,SB,19,77.67,0.8481039,F,,Left,5,0.29,0.16,61.1134182
PC4275,SB,18.6,70.99,0.7715224,F,,Left,5,0.27,0.14,62.5924246
PC4276,SB,17.8,73.1,0.8058694,F,,Left,5,0.19,0.22,40.8150839
PC4277,SB,18.9,78.02,0.7546978,F,,Left,5,0.21,0.12,60.2551187
PC4278,SB,19.1,84.33,0.8445676,F,,Left,5,0.24,0.09,69.4439548
PC4279,SB,20.5,82.97,1.0346174,M,,Left,5,0.25,0.2,51.3401918
PC4280,SB,19,75.13,0.940296,M,,Left,5,0.24,0.22,47.4895529
PC4281,SB,13,19,0.4480576,F,,Left,5,0.11,0.09,50.7105931
PC4282,SB,20,80.29,0.9196667,M,,Left,5,0.29,0.19,56.7682889
PC4283,SB,16,44.21,0.6401857,F,,Left,5,0.24,0.17,54.6887866
PC4284,SB,18.5,75.44,0.7976486,F,,Left,5,0.23,0.11,64.4400348
PC4285,SB,17.5,67.88,0.7524852,F,,Left,5,0.2,0.15,53.1301024
PC4287,SB,14,28.88,0.5374793,F,,Left,5,0.2,0.09,65.7722547
PC4288,SB,11.8,23.27,0.388501,F,,Left,5,0.16,0.1,57.9946168
PC4290,SB,13,21.38,0.3818622,F,,Left,5,0.15,0.11,53.7461623
PC4291,SB,12.5,16.71,0.5413425,M,,Left,5,0.19,0.13,55.6196553
PC4292,SB,10.6,12.42,0.2674388,F,,Left,5,0.13,0.07,61.6992442
PC4293,SB,12.4,17.9,0.5206079,M,,Left,5,0.17,0.14,50.5275402
PC4294,SB,12.1,18.33,0.5377838,M,,Left,5,0.18,0.13,54.1623471
PC4295,SB,12.9,26.57,0.510491,M,,Left,5,0.17,0.17,45
PC4297,SB,11.1,14.46,0.230068,F,,Left,5,0.12,0.15,38.6598083
PC4298,SB,10.9,15.75,0.2927665,F,,Left,5,0.16,0.09,60.6422465
PC4299,SB,11.5,15.88,0.3786319,M,,Left,5,0.16,0.09,60.6422465
PC4300,SB,10.9,13.76,0.3919797,M,,Left,5,0.18,0.15,50.1944289
PC4303,PI,23.7,141.58,1.1227614,M,,Left,5,0.26,0.22,49.7636417
PC4305,LB,37.1,543.07,1.4812446,M,,Left,5,0.41,0.35,49.5139885
PC4306,LB,34.2,550,1.3140327,M,,Left,5,0.32,0.25,52.0012676
PC4307,LB,50,1000,1.8277277,M,,Left,5,0.5,0.58,40.7636052
PC4308,LB,50.1,1195,1.8687329,M,,Left,5,0.53,0.54,44.464541
PC4309,LB,52.1,1420,1.987697,M,,Left,5,0.65,0.61,46.818303
PC4310,LB,38.8,610,1.627293,M,,Left,5,0.53,0.5,46.6683375
PC4311,LB,44,995,1.6431327,F,,Left,5,0.44,0.38,49.1849161
PC4312,LB,42.6,1080,1.568459,F,,Left,5,0.49,0.42,49.3987054
PC4313,LB,38.2,700,1.595413,M,,Left,5,0.46,0.3,56.888658
PC4314,LB,45.1,1135,1.6724955,M,,Left,5,0.66,0.47,54.5445256
PC4315,LB,49,1565,1.9344247,M,,Left,5,0.5,0.58,40.7636052
PC4316,LB,49.8,1370,1.9711637,M,,Left,5,0.8,0.43,61.7419704
PC4317,LB,43.8,1030,1.6160668,F,,Left,5,0.53,0.54,44.464541
PC4318,LB,36.3,545,1.5068619,M,,Left,5,0.42,0.32,52.6960517
PC4319,LB,47.4,1085,1.6879065,F,,Left,5,0.46,0.29,57.7712426
PC4320,LB,32.9,385,1.3119226,M,,Left,5,0.31,0.3,45.939191
PC4321,LB,30.8,320,1.3107995,M,,Left,5,0.34,0.33,45.8550974
PC4322,LB,41.4,980,1.6615154,M,,Left,5,0.45,0.35,52.1250164
PC4323,LB,41.7,920,1.5235916,F,,Left,5,0.45,0.22,63.9465047
PC4324,LB,44,1040,1.7371992,M,,Left,5,0.67,0.3,65.8790169
PC4325,LB,34,400,1.5379994,M,,Left,5,0.47,0.29,58.3245313
PC4326,LB,39.9,780,1.6107263,M,,Left,5,0.56,0.37,56.5466906
PC4327,LB,53,1935,1.9067253,M,,Left,5,0.63,0.82,37.5348091
PC4328,LB,41.2,780,1.791991,M,,Left,5,0.53,0.32,58.8775298
PC4329,LB,35.4,670,1.546863,M,,Left,5,0.51,0.52,44.4437478
PC4330,LB,41.9,925,1.6367833,M,,Left,5,0.64,0.36,60.6422465
PC4331,LB,40.8,800,1.5876506,F,,Left,5,0.51,0.25,63.8860874
PC4332,LB,30.3,330,1.2816562,M,,Left,5,0.47,0.25,61.9908233
PC4333,LB,43,830,1.6951557,M,,Left,5,0.59,0.41,55.2039737
PC4334,LB,44,960,1.5919754,F,,Left,5,0.47,0.4,49.6000957
PC4349,PL,25.2,119.64,0.9769251,F,,Left,5,0.18,0.2,41.9872125
PC4350,PL,17.4,38.03,0.5415976,M,,Left,5,0.06,0.18,18.4349488
PC4351,PL,19,54.31,0.7631699,M,,Left,5,0.07,0.16,23.6293777
PC4352,PL,21.2,76.26,0.8073999,F,,Left,5,0.04,0.17,13.2405199
PC4353,PL,17.4,38.43,0.622764,F,,Left,5,0.12,0.12,45
PC4354,PL,21.4,77.76,0.8188653,M,,Left,5,0.06,0.19,17.5255684
PC4355,PL,18,40.49,0.7022678,M,,Left,5,0.04,0.17,13.2405199
PC4356,PL,21.4,74.03,0.8507629,M,,Left,5,0.08,0.16,26.5650512
PC4357,PL,21.8,89.24,0.8423585,F,,Left,5,0.14,0.17,39.4724599
PC4358,PL,21,70.3,0.7967478,F,,Left,5,0.07,0.2,19.2900462
PC4359,PL,22.4,101.1,0.9494218,F,,Left,5,0.14,0.13,47.1210964
PC4360,PL,23.2,91.75,0.9113611,F,,Left,5,0.1,0.14,35.5376778
PC4361,PL,21.4,80.68,0.8588207,F,,Left,5,0.06,0.14,23.1985905
PC4363,PL,18.2,41.6,0.6655296,F,,Left,5,0.05,0.16,17.3540246
PC4364,PL,20.4,62.64,0.8018161,F,,Left,5,0.12,0.14,40.6012947
PC4365,PL,24,109.96,1.0183329,F,,Left,5,0.12,0.14,40.6012947
PC4366,PL,15.8,27.36,0.5192614,M,,Left,5,0.03,0.23,7.431408
PC4367,PL,19.2,57.5,0.7213126,F,,Left,5,0.06,0.13,24.7751406
PC4368,PL,20,55.21,0.683579,F,,Left,5,0.09,0.15,30.9637565
PC4369,PL,18.2,49.95,0.6556324,F,,Left,5,0.09,0.08,48.3664607
PC4372,PI,45.4,1030,1.9370398,M,,Left,5,0.69,0.52,52.9974735
PC4373,LB,37.6,730,1.3370201,F,,Left,5,0.35,0.23,56.6893692
PC4374,PI,37.6,500,1.452667,F,,Left,5,0.51,0.34,56.3099325
PC4375,LB,52.8,1500,1.7747447,F,,Left,5,0.66,0.43,56.9151471
PC4376,LB,40.4,765,1.4969956,F,,Left,5,0.56,0.37,56.5466906
PC4377,PI,52.4,1505,1.9358185,M,,Left,5,0.64,0.68,43.2642954
PC4378,PI,41.2,680,1.640413,M,,Left,5,0.37,0.51,35.9605172
PC4379,LB,46.2,1315,1.7602775,M,,Left,5,0.51,0.43,49.8645144
PC4380,PI,46,1255,1.8254595,M,,Left,5,0.42,0.56,36.8698977
PC4381,PI,36,525,1.6926995,M,,Left,5,0.36,0.66,28.6104597
PC4382,PI,44.2,940,1.7479365,M,,Left,5,0.66,0.66,45
PC4383,PI,34.6,375,1.4297385,M,,Left,5,0.3,0.36,39.8055711
PC4384,PI,43.8,995,1.6748957,F,,Left,5,0.44,0.38,49.1849161
PC4385,PI,36.4,380,1.5198259,M,,Left,5,0.44,0.39,48.4473869
PC4386,PI,36.6,435,1.5871455,M,,Left,5,0.22,0.45,26.0534953
PC4387,LB,40.6,750,1.5769722,M,,Left,5,0.37,0.36,45.7848246
PC4388,LB,38,615,1.4050373,M,,Left,5,0.37,0.16,66.6147789
PC4389,PI,42,725,1.8302674,M,,Left,5,0.57,0.58,44.5017884
PC4390,PI,37.8,485,1.5230084,M,,Left,5,0.32,0.58,28.8865818
PC4391,PL,23.6,100,0.9004726,F,,Left,5,0.16,0.09,60.6422465
PC4392,PI,30.2,235,1.3152082,F,,Left,5,0.28,0.29,43.994914
PC4393,PI,36.7,575,1.5627847,M,,Left,5,0.43,0.2,65.0560947
PC3831,LB,42.5,1061,1.58071,F,8,Right,5,0.3,0.43,34.9024956
PC3839,PI,42.8,1131,1.7564629,M,9,Right,5,0.49,0.69,35.3802722
PC3840,LB,37.1,672,1.4378166,M,7,Right,5,0.33,0.31,46.7899106
PC3841,PI,49.5,1714,1.9217087,M,9,Right,5,0.59,0.6,44.5185342
PC3842,LB,42,1010,1.8412973,M,8,Right,5,0.45,0.57,38.2901632
PC3843,LB,40.7,815,1.8129056,M,9,Right,5,0.57,0.56,45.5070291
PC3844,LB,34.7,504,1.459648,M,7,Right,5,0.39,0.41,43.5679038
PC3845,PI,46.9,1455,2.0275085,M,11,Right,5,0.59,0.59,45
PC3846,PI,43,990,1.7665138,M,9,Right,5,0.5,0.56,41.7602997
PC3847,PI,36.7,655,1.5849015,M,8,Right,5,0.51,0.43,49.8645144
PC3848,PI,41.2,1001,1.7885364,M,9,Right,5,0.53,0.59,41.9335145
PC3849,LB,33.8,362,1.5337752,F,7,Right,5,0.46,0.46,45
PC3851,PL,22.3,130,1.0937171,M,9,Right,5,0.21,0.14,56.3099325
PC3855,PL,19.4,74,0.8475624,M,5,Right,5,0.05,0.18,15.524111
PC3859,PL,14.8,36,0.5783102,M,5,Right,5,0.06,0.13,24.7751406
PC3863,PL,14,33,0.5643297,M,4,Right,5,0.08,0.14,29.7448813
PC3864,PI,45,1078,1.8850439,M,9,Right,5,0.22,0.51,23.3340413
PC3865,PI,24.5,162,1.1188713,M,7,Right,5,0.04,0.21,10.7842979
PC3867,LB,24.5,145,1.0379227,F,NA,Right,5,0.27,0.25,47.2025982
PC3868,LB,34.2,430,1.0363248,F,6,Right,5,0.28,0.12,66.8014095
PC3870,PL,20.5,81,0.8542629,F,7,Right,5,0.05,0.17,16.3895403
PC3873,PL,18.5,65,0.8136642,M,5,Right,5,0.06,0.12,26.5650512
PC3875,PL,21,103,0.9586296,M,5,Right,5,0.12,0.2,30.9637565
PC3876,PL,18.8,74,0.7692542,F,5,Right,5,0.1,0.12,39.8055711
PC3885,PL,19.1,72,0.8528283,M,5,Right,5,0.05,0.14,19.6538241
PC3896,PI,32.8,420,1.5156805,M,7,Right,5,0.23,0.42,28.7059525
PC3898,PI,45.6,1246,2.02753,M,10,Right,5,0.5,0.71,35.1541776
PC3900,PI,42.3,1091,1.6069573,F,8,Right,5,0.43,0.35,50.8560136
PC3901,PI,32.6,396,1.4128628,M,8,Right,5,0.42,0.38,47.8624052
PC3903,SB,17,56.35,0.6346327,F,,Right,5,0.18,0.16,48.3664607
PC3904,SB,12.9,28.22,0.4516642,F,,Right,5,0.13,0.05,68.962489
PC3905,SB,14.9,30.98,0.6168322,F,,Right,5,0.15,0.07,64.9831065
PC3906,SB,13.7,28,0.5517737,F,,Right,5,0.15,0.11,53.7461623
PC3907,SB,15,33.2,0.542951,F,,Right,5,0.15,0.14,46.974934
PC3908,SB,15.2,35.16,0.6542346,F,,Right,5,0.17,0.16,46.7357046
PC3909,SB,13.5,22.81,0.5668606,M,,Right,5,0.15,0.17,41.4236656
PC3910,SB,13,24.5,0.6118178,M,,Right,5,0.15,0.2,36.8698977
PC3912,SB,16.2,41.6,0.7224972,F,,Right,5,0.2,0.1,63.4349488
PC3913,SB,12.9,24.26,0.5436717,M,,Right,5,0.18,0.19,43.4518423
PC3914,SB,15.9,45.37,0.703114,F,,Right,5,0.16,0.17,43.2642954
PC3915,SB,13.7,26.47,0.6255865,M,,Right,5,0.17,0.12,54.782407
PC3916,SB,13.9,27.19,0.5047694,M,,Right,5,0.14,0.14,45
PC3917,SB,14.7,35.24,0.6151123,M,,Right,5,0.17,0.16,46.7357046
PC3918,SB,14.8,35.5,0.6437018,M,,Right,5,0.19,0.16,49.8990925
PC3919,SB,14.5,31.49,0.6159936,F,,Right,5,0.15,0.12,51.3401918
PC3921,SB,11.2,16,0.1868123,F,,Right,5,0.11,0.11,45
PC3922,SB,14.8,21.2,0.5529679,M,,Right,5,0.14,0.19,36.3843518
PC3923,SB,13.9,27.7,0.6413723,M,,Right,5,0.22,0.12,61.3895403
PC3924,SB,13.6,26.44,0.5046917,M,,Right,5,0.16,0.2,38.6598083
PC3925,SB,14.8,31.05,0.4958832,F,,Right,5,0.17,0.15,48.5763344
PC3926,SB,13.7,25.66,0.5866406,M,,Right,5,0.18,0.11,58.5704344
PC3927,SB,13.3,28.1,0.5107096,M,,Right,5,0.12,0.12,45
PC3929,SB,13.3,26.92,0.5551984,M,,Right,5,0.16,0.16,45
PC3931,SB,11.8,16.33,0.3344535,F,,Right,5,0.13,0.12,47.29061
PC3934,SB,11.1,14.32,0.2181833,M,,Right,5,0.14,0.1,54.4623222
PC3935,SB,10.4,11.87,0.1303157,M,,Right,5,0.11,0.11,45
PC4200,PL,12.3,22.18,0.4566677,M,,Right,5,0.06,0.13,24.7751406
PC4201,PL,14,29.18,0.636036,M,,Right,5,0.11,0.15,36.2538377
PC4202,PL,13.7,31.74,0.5689762,M,,Right,5,0.03,0.13,12.9946168
PC4203,PL,15,38.61,0.7029269,M,,Right,5,0.1,0.16,32.0053832
PC4204,PL,13.4,26.01,0.5801471,M,,Right,5,0.14,0.13,47.1210964
PC4205,PL,13.6,29.49,0.5518292,M,,Right,5,0.04,0.12,18.4349488
PC4206,PL,13.3,25.06,0.4802286,M,,Right,5,0.07,0.18,21.2505055
PC4208,PL,14.7,37.35,0.6539983,M,,Right,5,0.08,0.18,23.962489
PC4210,PL,17,52.56,0.729533,M,,Right,5,0.06,0.18,18.4349488
PC4211,PL,15.6,39.25,0.5924699,M,,Right,5,0.06,0.18,18.4349488
PC4212,PL,13.4,25.34,0.5594861,M,,Right,5,0.09,0.12,36.8698977
PC4213,PL,14.4,33.98,0.5186075,M,,Right,5,0.09,0.19,25.3461759
PC4214,PL,12,20.83,0.4061405,M,,Right,5,0.07,0.08,41.1859252
PC4216,PL,16.1,48.79,0.7072824,M,,Right,5,0.16,0.15,46.8476103
PC4217,PL,15.2,42.11,0.6077942,M,,Right,5,0.07,0.12,30.2564372
PC4218,PL,17.5,61.78,0.7672126,M,,Right,5,0.06,0.19,17.5255684
PC4219,SB,10.5,20.71,0.4251876,M,,Right,5,0.22,0.14,57.5288077
PC4220,SB,14.2,21.42,0.6014619,M,,Right,5,0.17,0.15,48.5763344
PC4221,SB,20.8,102.75,0.9806895,F,,Right,5,0.16,0.27,30.650668
PC4222,SB,14.1,32.86,0.7337661,M,,Right,5,0.19,0.19,45
PC4223,SB,14.3,31.8,0.4826848,F,,Right,5,0.19,0.18,46.5481577
PC4225,SB,16,44.77,0.5374071,F,,Right,5,0.22,0.16,53.9726266
PC4226,SB,11.9,14.48,0.3361367,F,,Right,5,0.17,0.15,48.5763344
PC4227,SB,13.6,27.99,0.7040514,M,,Right,5,0.16,0.15,46.8476103
PC4228,SB,20.2,103.34,0.9322941,F,,Right,5,0.3,0.2,56.3099325
PC4229,SB,17,71.77,0.7528639,F,,Right,5,0.16,0.16,45
PC4230,SB,14.2,32.22,0.5756849,F,,Right,5,0.19,0.19,45
PC4232,SB,24.2,147.58,1.0602409,F,,Right,5,0.29,0.26,48.1221305
PC4237,PI,43.2,980,1.7342305,F,,Right,5,0.44,0.5,41.3477772
PC4238,PI,50,1795,2.1919838,M,,Right,5,0.66,0.82,38.8298249
PC4239,LB,43.4,995,1.7650706,M,,Right,5,0.46,0.61,37.0198863
PC4240,PI,41,780,1.6444442,F,,Right,5,0.51,0.53,43.8982939
PC4241,PI,35.6,490,1.4543679,F,,Right,5,0.29,0.44,33.3885136
PC4242,PI,33,425,1.6159891,M,,Right,5,0.33,0.45,36.2538377
PC4243,PI,36,565,1.6832638,M,,Right,5,0.55,0.59,42.9904462
PC4245,PI,27.2,245,1.363855,M,,Right,5,0.4,0.29,54.0578881
PC4246,SB,29.7,285,1.2668626,F,,Right,5,0.32,0.23,54.2933086
PC4249,PI,47,1150,1.7600206,F,,Right,5,0.6,0.51,49.6354634
PC4250,PI,45,905,1.7956688,F,,Right,5,0.56,0.51,47.6754267
PC4251,PI,42.9,945,1.6200988,F,,Right,5,0.43,0.47,42.4551956
PC4252,PI,32.8,430,1.4275362,M,,Right,5,0.29,0.44,33.3885136
PC4253,PI,31,360,1.3084047,F,,Right,5,0.22,0.35,32.1522951
PC4254,PI,31.5,340,1.333377,F,,Right,5,0.16,0.24,33.6900675
PC4255,PI,34.4,375,1.4311301,F,,Right,5,0.38,0.23,58.8150253
PC4256,PI,28.9,265,1.3644274,M,,Right,5,0.3,0.33,42.273689
PC4257,PI,29.6,265,1.2718684,M,,Right,5,0.25,0.29,40.7636052
PC4258,PI,30,240,1.3159993,F,,Right,5,0.18,0.18,45
PC4263,PL,26.4,185,1.0768645,F,,Right,5,0.27,0.21,52.1250164
PC4264,PL,22,125,1.0597176,M,,Right,5,0.2,0.16,51.3401918
PC4266,PL,25,160,1.0378989,F,,Right,5,0.15,0.23,33.111342
PC4267,PL,27.1,200,1.2210298,F,,Right,5,0.25,0.27,42.7974018
PC4268,SB,22,98.33,0.9926104,F,,Right,5,0.29,0.23,51.5819447
PC4269,SB,22.5,113.25,1.061864,M,,Right,5,0.2,0.25,38.6598083
PC4270,SB,21.9,111.02,1.0348432,F,,Right,5,0.27,0.22,50.826342
PC4271,SB,20.2,82.76,0.8076641,F,,Right,5,0.25,0.13,62.5255684
PC4272,SB,19.6,78.88,0.8258154,F,,Right,5,0.27,0.26,46.0809242
PC4273,SB,20.6,100.88,0.9025003,F,,Right,5,0.23,0.19,50.440332
PC4274,SB,19,77.67,0.8481039,F,,Right,5,0.25,0.21,49.9697407
PC4275,SB,18.6,70.99,0.7715224,F,,Right,5,0.21,0.19,47.8624052
PC4276,SB,17.8,73.1,0.8058694,F,,Right,5,0.18,0.18,45
PC4277,SB,18.9,78.02,0.7546978,F,,Right,5,0.14,0.16,41.1859252
PC4278,SB,19.1,84.33,0.8445676,F,,Right,5,0.25,0.15,59.0362435
PC4279,SB,20.5,82.97,1.0346174,M,,Right,5,0.23,0.2,48.9909131
PC4280,SB,19,75.13,0.940296,M,,Right,5,0.22,0.23,43.72697
PC4281,SB,13,19,0.4480576,F,,Right,5,0.13,0.1,52.431408
PC4282,SB,20,80.29,0.9196667,M,,Right,5,0.24,0.25,43.8308607
PC4283,SB,16,44.21,0.6401857,F,,Right,5,0.22,0.16,53.9726266
PC4284,SB,18.5,75.44,0.7976486,F,,Right,5,0.21,0.17,51.009006
PC4285,SB,17.5,67.88,0.7524852,F,,Right,5,0.2,0.21,43.602819
PC4287,SB,14,28.88,0.5374793,F,,Right,5,0.16,0.13,50.9061411
PC4288,SB,11.8,23.27,0.388501,F,,Right,5,0.16,0.1,57.9946168
PC4290,SB,13,21.38,0.3818622,F,,Right,5,0.16,0.15,46.8476103
PC4291,SB,12.5,16.71,0.5413425,M,,Right,5,0.16,0.16,45
PC4292,SB,10.6,12.42,0.2674388,F,,Right,5,0.16,0.12,53.1301024
PC4293,SB,12.4,17.9,0.5206079,M,,Right,5,0.15,0.14,46.974934
PC4294,SB,12.1,18.33,0.5377838,M,,Right,5,0.17,0.2,40.3645366
PC4295,SB,12.9,26.57,0.510491,M,,Right,5,0.17,0.15,48.5763344
PC4297,SB,11.1,14.46,0.230068,F,,Right,5,0.13,0.11,49.7636417
PC4298,SB,10.9,15.75,0.2927665,F,,Right,5,0.17,0.08,64.7988764
PC4299,SB,11.5,15.88,0.3786319,M,,Right,5,0.16,0.08,63.4349488
PC4300,SB,10.9,13.76,0.3919797,M,,Right,5,0.17,0.11,57.0947571
PC4303,PI,23.7,141.58,1.1227614,M,,Right,5,0.3,0.26,49.0856168
PC4305,LB,37.1,543.07,1.4812446,M,,Right,5,0.51,0.43,49.8645144
PC4306,LB,34.2,550,1.3140327,M,,Right,5,0.37,0.31,50.0424511
PC4307,LB,50,1000,1.8277277,M,,Right,5,0.55,0.66,39.8055711
PC4308,LB,50.1,1195,1.8687329,M,,Right,5,0.7,0.58,50.355825
PC4309,LB,52.1,1420,1.987697,M,,Right,5,0.49,0.45,47.4366483
PC4310,LB,38.8,610,1.627293,M,,Right,5,0.48,0.44,47.4895529
PC4311,LB,44,995,1.6431327,F,,Right,5,0.54,0.45,50.1944289
PC4312,LB,42.6,1080,1.568459,F,,Right,5,0.42,0.35,50.1944289
PC4313,LB,38.2,700,1.595413,M,,Right,5,0.41,0.35,49.5139885
PC4314,LB,45.1,1135,1.6724955,M,,Right,5,0.69,0.58,49.9502722
PC4315,LB,49,1565,1.9344247,M,,Right,5,0.51,0.59,40.8403577
PC4316,LB,49.8,1370,1.9711637,M,,Right,5,0.9,0.46,62.9279198
PC4317,LB,43.8,1030,1.6160668,F,,Right,5,0.4,0.38,46.4688007
PC4318,LB,36.3,545,1.5068619,M,,Right,5,0.42,0.32,52.6960517
PC4319,LB,47.4,1085,1.6879065,F,,Right,5,0.48,0.3,57.9946168
PC4320,LB,32.9,385,1.3119226,M,,Right,5,0.31,0.35,41.5317707
PC4321,LB,30.8,320,1.3107995,M,,Right,5,0.4,0.43,42.9299694
PC4322,LB,41.4,980,1.6615154,M,,Right,5,0.49,0.38,52.206057
PC4323,LB,41.7,920,1.5235916,F,,Right,5,0.4,0.37,47.2311746
PC4324,LB,44,1040,1.7371992,M,,Right,5,0.57,0.48,49.8990925
PC4325,LB,34,400,1.5379994,M,,Right,5,0.45,0.36,51.3401918
PC4326,LB,39.9,780,1.6107263,M,,Right,5,0.51,0.52,44.4437478
PC4327,LB,53,1935,1.9067253,M,,Right,5,0.58,0.54,47.0454085
PC4328,LB,41.2,780,1.791991,M,,Right,5,0.51,0.3,59.5344551
PC4329,LB,35.4,670,1.546863,M,,Right,5,0.46,0.54,40.4260787
PC4330,LB,41.9,925,1.6367833,M,,Right,5,0.43,0.6,35.6279073
PC4331,LB,40.8,800,1.5876506,F,,Right,5,0.52,0.37,54.566686
PC4332,LB,30.3,330,1.2816562,M,,Right,5,0.39,0.26,56.3099325
PC4333,LB,43,830,1.6951557,M,,Right,5,0.53,0.39,53.6525418
PC4334,LB,44,960,1.5919754,F,,Right,5,0.46,0.47,44.3839401
PC4349,PL,25.2,119.64,0.9769251,F,,Right,5,0.1,0.21,25.4633451
PC4350,PL,17.4,38.03,0.5415976,M,,Right,5,0.05,0.16,17.3540246
PC4351,PL,19,54.31,0.7631699,M,,Right,5,0.08,0.19,22.8336542
PC4352,PL,21.2,76.26,0.8073999,F,,Right,5,0.04,0.16,14.0362435
PC4353,PL,17.4,38.43,0.622764,F,,Right,5,0.11,0.12,42.5104471
PC4354,PL,21.4,77.76,0.8188653,M,,Right,5,0.09,0.21,23.1985905
PC4355,PL,18,40.49,0.7022678,M,,Right,5,0.04,0.15,14.9314172
PC4356,PL,21.4,74.03,0.8507629,M,,Right,5,0.08,0.14,29.7448813
PC4357,PL,21.8,89.24,0.8423585,F,,Right,5,0.15,0.15,45
PC4358,PL,21,70.3,0.7967478,F,,Right,5,0.05,0.2,14.0362435
PC4359,PL,22.4,101.1,0.9494218,F,,Right,5,0.15,0.13,49.0856168
PC4360,PL,23.2,91.75,0.9113611,F,,Right,5,0.13,0.09,55.3048465
PC4361,PL,21.4,80.68,0.8588207,F,,Right,5,0.1,0.15,33.6900675
PC4363,PL,18.2,41.6,0.6655296,F,,Right,5,0.09,0.16,29.3577535
PC4364,PL,20.4,62.64,0.8018161,F,,Right,5,0.13,0.11,49.7636417
PC4365,PL,24,109.96,1.0183329,F,,Right,5,0.08,0.17,25.2011237
PC4366,PL,15.8,27.36,0.5192614,M,,Right,5,0.09,0.23,21.3706223
PC4367,PL,19.2,57.5,0.7213126,F,,Right,5,0.14,0.14,45
PC4368,PL,20,55.21,0.683579,F,,Right,5,0.12,0.17,35.217593
PC4369,PL,18.2,49.95,0.6556324,F,,Right,5,0.11,0.08,53.9726266
PC4372,PI,45.4,1030,1.9370398,M,,Right,5,0.7,0.69,45.4121927
PC4373,LB,37.6,730,1.3370201,F,,Right,5,0.35,0.34,45.8303155
PC4374,PI,37.6,500,1.452667,F,,Right,5,0.48,0.24,63.4349488
PC4375,LB,52.8,1500,1.7747447,F,,Right,5,0.59,0.54,47.5335589
PC4376,LB,40.4,765,1.4969956,F,,Right,5,0.45,0.43,46.3019527
PC4377,PI,52.4,1505,1.9358185,M,,Right,5,0.41,0.5,39.3517526
PC4378,PI,41.2,680,1.640413,M,,Right,5,0.39,0.48,39.0938589
PC4379,LB,46.2,1315,1.7602775,M,,Right,5,0.52,0.6,40.9143832
PC4380,PI,46,1255,1.8254595,M,,Right,5,0.51,0.56,42.3245733
PC4381,PI,36,525,1.6926995,M,,Right,5,0.52,0.7,36.6070748
PC4382,PI,44.2,940,1.7479365,M,,Right,5,0.52,0.6,40.9143832
PC4383,PI,34.6,375,1.4297385,M,,Right,5,0.45,0.46,44.3704014
PC4384,PI,43.8,995,1.6748957,F,,Right,5,0.54,0.36,56.3099325
PC4385,PI,36.4,380,1.5198259,M,,Right,5,0.36,0.52,34.6951535
PC4386,PI,36.6,435,1.5871455,M,,Right,5,0.29,0.43,33.9964592
PC4387,LB,40.6,750,1.5769722,M,,Right,5,0.34,0.36,43.363423
PC4388,LB,38,615,1.4050373,M,,Right,5,0.36,0.38,43.4518423
PC4389,PI,42,725,1.8302674,M,,Right,5,0.56,0.6,43.025066
PC4390,PI,37.8,485,1.5230084,M,,Right,5,0.35,0.44,38.5006537
PC4391,PL,23.6,100,0.9004726,F,,Right,5,0.08,0.17,25.2011237
PC4392,PI,30.2,235,1.3152082,F,,Right,5,0.31,0.33,43.2100894
PC4393,PI,36.7,575,1.5627847,M,,Right,5,0.34,0.29,49.5377725
